חוק מענק התמדה למילואימניקים	Reservist Retention Grant Law	قانون منحة المثابرة لجنود الاحتياط
מענק שנתי למשרתי מילואים פעילים לפי מספר ימי השירות.	An annual grant to active reservists based on days served.	منحة سنوية لجنود الاحتياط الفاعلين حسب عدد أيام الخدمة.
חוק העלאת שכר חיילי החובה	Conscript Pay Raise Law	قانون رفع رواتب جنود الخدمة الإلزامية
העלאה של שכר החיילים בשירות סדיר וצמידתו לשכר המינימום.	Raises conscript pay and links it to the minimum wage.	رفع رواتب الجنود في الخدمة النظامية وربطها بالحد الأدنى للأجور.
חוק מלגת לימודים לחיילים משוחררים	Discharged Soldiers Tuition Law	قانون منحة الدراسة للجنود المسرّحين
מימון שנת לימודים אקדמית לכל חייל משוחרר.	Funds one academic year of study for every discharged soldier.	تمويل سنة دراسية أكاديمية لكل جندي مسرّح.
חוק הנחה בדיור ללוחמים	Combat Veterans Housing Discount Law	قانون خصم السكن للمقاتلين
הנחה בהגרלות דירה בהנחה ללוחמים משוחררים.	Priority and discounts in subsidized housing lotteries for discharged combat soldiers.	خصم وأولوية في قرعات السكن المدعوم للمقاتلين المسرّحين.
חוק הכרה מהירה בפוסט-טראומה	Fast PTSD Recognition Law	قانون الاعتراف السريع باضطراب ما بعد الصدمة
הכרה תוך 60 יום בנפגעי פוסט-טראומה וטיפול מיידי ללא בירוקרטיה.	Recognition within 60 days for PTSD casualties and immediate care without red tape.	الاعتراف خلال 60 يومًا بمصابي اضطراب ما بعد الصدمة وعلاج فوري دون بيروقراطية.
חוק הגנה על בני זוג של מילואימניקים	Reservists' Spouses Protection Law	قانون حماية أزواج جنود الاحتياط
הגנה מפני פיטורים ומענק סיוע לבני זוג של משרתי מילואים.	Protection from dismissal and a support grant for spouses of reservists.	حماية من الفصل ومنحة دعم لأزواج جنود الاحتياط.
חוק עידוד הייצור הביטחוני המקומי	Local Defense Manufacturing Law	قانون تشجيع التصنيع الدفاعي المحلي
העדפת ייצור מקומי ברכש ביטחוני ותמריצים למפעלים בפריפריה.	Preference for local production in defense procurement and incentives for factories in the periphery.	تفضيل الإنتاج المحلي في المشتريات الدفاعية وحوافز للمصانع في الأطراف.
חוק שקיפות ברכש הביטחוני	Defense Procurement Transparency Law	قانون الشفافية في المشتريات الدفاعية
פרסום עסקאות רכש ביטחוני גדולות לוועדה סודית בכנסטון.	Large defense deals are reported to a confidential Knesseton committee.	عرض صفقات المشتريات الدفاعية الكبرى على لجنة سرية في الكنيستون.
חוק הנצחת הנופלים	Fallen Soldiers Commemoration Law	قانون تخليد ذكرى القتلى
תקציב קבוע לאתרי הנצחה ותמיכה במשפחות השכולות.	A permanent budget for memorial sites and support for bereaved families.	ميزانية ثابتة لمواقع التخليد ودعم العائلات الثكلى.
חוק שיקום פצועי צה״ל	IDF Wounded Rehabilitation Law	قانون إعادة تأهيل جرحى الجيش
סל שיקום מורחב, דיור מונגש ותעסוקה לפצועי צה״ל.	An expanded rehabilitation package, accessible housing and employment for wounded soldiers.	سلة تأهيل موسعة وسكن مهيأ وتشغيل لجرحى الجيش.
חוק מיגון יישובי קו העימות	Frontline Communities Shelter Law	قانون تحصين بلدات خط المواجهة
מימון ממ״דים ומקלטים בכל יישובי הגבול.	Funds safe rooms and shelters in every border community.	تمويل غرف آمنة وملاجئ في جميع البلدات الحدودية.
חוק שוויון הזדמנויות לחיילות	Equal Opportunity for Women Soldiers Law	قانون تكافؤ الفرص للمجندات
פתיחת כל התפקידים הקרביים לחיילות שעומדות בדרישות.	Opens every combat role to women who meet the requirements.	فتح جميع الأدوار القتالية للمجندات اللواتي يستوفين المتطلبات.
חוק פיצוי לעצמאים במילואים	Self-Employed Reservists Compensation Law	قانون تعويض العاملين لحسابهم في الاحتياط
פיצוי מוגדל לעצמאים על אובדן הכנסה בזמן שירות מילואים.	Higher compensation for self-employed reservists for income lost during service.	تعويض أكبر للعاملين لحسابهم عن خسارة الدخل أثناء خدمة الاحتياط.
חוק תקרת פנסיה תקציבית בצבא	Military Budget Pension Cap Law	قانون سقف المعاشات التقاعدية في الجيش
קביעת תקרה לפנסיות התקציביות של אנשי הקבע.	Sets a ceiling on budget-funded pensions for career officers.	تحديد سقف للمعاشات التقاعدية الممولة من الميزانية لعسكريي الخدمة الدائمة.
חוק יחידות מתנדבים בגבולות	Border Volunteer Units Law	قانون وحدات المتطوعين على الحدود
הקמת כיתות כוננות מתנדבים מאומנות ומצוידות בכל יישוב גבול.	Trained and equipped volunteer standby squads in every border community.	إنشاء فرق تأهب من المتطوعين المدرّبين والمجهزين في كل بلدة حدودية.
רפורמת הגנה רב-שכבתית לאומית	National Multi-Layer Defense Reform	إصلاح الدفاع الوطني متعدد الطبقات
הרחבה משמעותית של מערכות היירוט והמיגון לכל רחבי המדינה.	A major expansion of interception and protection systems nationwide.	توسيع كبير لمنظومات الاعتراض والحماية في جميع أنحاء البلاد.
רפורמת "צבא קטן וחכם"	"Small and Smart Army" Reform	إصلاح "جيش صغير وذكي"
קיצור שירות בתפקידים עורפיים, השקעה בטכנולוגיה וביחידות מובחרות.	Shorter service in rear roles and investment in technology and elite units.	تقصير الخدمة في الأدوار الخلفية والاستثمار في التكنولوجيا والوحدات النخبوية.
רפורמת "שכר לפי תרומה" בשירות החובה	"Pay by Contribution" Conscript Reform	إصلاح "الأجر حسب المساهمة" في الخدمة الإلزامية
שכר שונה ללוחמים, לתומכי לחימה ולעורף, משמעותית מעל הקיים.	Different pay for combat, combat support and rear roles, significantly above today.	أجور مختلفة للمقاتلين والدعم القتالي والجبهة الداخلية، أعلى بكثير من اليوم.
רפורמת חלוקת נטל המילואים	Reserve Burden Sharing Reform	إصلاح توزيع عبء الاحتياط
תקרה לימי מילואים בשנה והרחבת מאגר המשרתים.	A yearly cap on reserve days and a broader pool of reservists.	سقف سنوي لأيام الاحتياط وتوسيع قاعدة جنود الاحتياط.
רפורמת פינוי מחנות צה״ל ממרכזי הערים	IDF Bases Relocation Reform	إصلاح نقل معسكرات الجيش من مراكز المدن
העברת בסיסים לנגב ושחרור הקרקעות לדיור ולתעסוקה.	Moves bases to the Negev and frees the land for housing and jobs.	نقل القواعد إلى النقب وتحرير الأراضي للسكن والتشغيل.
רפורמת מסלולי טכנולוגיה בשירות	Tech Tracks in Service Reform	إصلاح المسارات التكنولوجية في الخدمة
הכשרה טכנולוגית מוכרת אקדמית לכל מתגייס שמתאים לה.	Academically recognized tech training for every suitable recruit.	تأهيل تكنولوجي معترف به أكاديميًا لكل مجنّد مناسب.
רפורמת אגף השיקום	Rehabilitation Division Reform	إصلاح قسم إعادة التأهيل
הקמה מחדש של אגף השיקום כגוף שירות עם מנהל תיק אישי לכל פצוע.	Rebuilds the rehabilitation division as a service body with a personal case manager for each casualty.	إعادة بناء قسم التأهيل كهيئة خدمات مع مدير ملف شخصي لكل جريح.
רפורמת מוכנות היבשה	Ground Forces Readiness Reform	إصلاح جاهزية القوات البرية
שיפור מלאי התחמושת, אימונים ואמצעי לחימה לכוחות היבשה.	Better ammunition stocks, training and equipment for ground forces.	تحسين مخزون الذخيرة والتدريبات والوسائل القتالية للقوات البرية.
רפורמת הפיקוח האזרחי על הצבא	Civilian Oversight of the Army Reform	إصلاح الرقابة المدنية على الجيش
חיזוק ועדת החוץ והביטחון ומבקר מערכת הביטחון.	Strengthens the Foreign Affairs and Defense Committee and the defense system auditor.	تعزيز لجنة الخارجية والأمن ومراقب المنظومة الأمنية.
רפורמת התעשיות הביטחוניות	Defense Industries Reform	إصلاح الصناعات الدفاعية
מיזוג והפרטה חלקית של התעשיות הביטחוניות הממשלתיות.	Merger and partial privatization of the state defense industries.	دمج وخصخصة جزئية للصناعات الدفاعية الحكومية.
רפורמת שירות לאומי-אזרחי לכולם	National Civil Service for All Reform	إصلاح الخدمة الوطنية المدنية للجميع
מסלול שירות אזרחי לכל מי שלא מתגייס, עם הכרה מלאה.	A civil service track for everyone who doesn't enlist, with full recognition.	مسار خدمة مدنية لكل من لا يتجند، مع اعتراف كامل.
רפורמת הגנת הגבולות החכמה	Smart Border Defense Reform	إصلاح الدفاع الذكي عن الحدود
מכשול טכנולוגי, חיישנים ותצפיות בכל גבולות המדינה.	A technological barrier, sensors and observation along all the borders.	حاجز تكنولوجي وأجهزة استشعار ومراقبة على جميع الحدود.
רפורמת זכויות ותיקי הלוחמים	Combat Veterans' Rights Reform	إصلاح حقوق المقاتلين القدامى
הטבות קבועות בבריאות, תחבורה ומיסוי למי ששירתו כלוחמים.	Permanent health, transport and tax benefits for those who served in combat.	امتيازات دائمة في الصحة والنقل والضرائب لمن خدموا كمقاتلين.
רפורמת מלאי חירום לאומי	National Emergency Stockpile Reform	إصلاح المخزون الوطني للطوارئ
מחסני חירום של תחמושת, דלק, מזון ותרופות לשנה.	Emergency stores of ammunition, fuel, food and medicine for a full year.	مخازن طوارئ للذخيرة والوقود والغذاء والأدوية لمدة عام.
רפורמת מכינות קדם-צבאיות	Pre-Military Academies Reform	إصلاح المعاهد التحضيرية للجيش
הרחבת מכינות קדם-צבאיות לפריפריה ולכל המגזרים.	Expands pre-military academies to the periphery and to every sector.	توسيع المعاهد التحضيرية للخدمة العسكرية إلى الأطراف وجميع القطاعات.
חוק עדכון מדרגות מס הכנסה למדד	Income Tax Brackets Indexation Law	قانون ربط شرائح ضريبة الدخل بالمؤشر
הצמדה אוטומטית של מדרגות המס ליוקר המחיה.	Automatically links tax brackets to the cost of living.	ربط تلقائي لشرائح الضريبة بغلاء المعيشة.
חוק נקודות זיכוי להורים לילדים קטנים	Tax Credits for Parents of Young Children Law	قانون نقاط الإعفاء للوالدين لأطفال صغار
תוספת נקודות זיכוי במס להורים לילדים עד גיל 6.	Extra tax credit points for parents of children up to age 6.	نقاط إعفاء ضريبي إضافية للوالدين لأطفال حتى سن 6.
חוק הקלות לעוסק פטור	Exempt Dealer Relief Law	قانون تسهيلات للمكلّف المعفى
העלאת תקרת העוסק הפטור ופישוט הדיווח לרשויות המס.	Raises the exempt-dealer ceiling and simplifies tax reporting.	رفع سقف المكلّف المعفى وتبسيط التقارير الضريبية.
חוק הגבלת עמלות הבנקים	Bank Fees Cap Law	قانون تحديد رسوم البنوك
תקרה לעמלות בסיסיות ופטור מעמלות לאזרחים ותיקים.	A ceiling on basic bank fees and fee exemptions for senior citizens.	سقف للرسوم المصرفية الأساسية وإعفاء كبار السن من الرسوم.
חוק הסדר חובות לצרכנים	Consumer Debt Settlement Law	قانون تسوية ديون المستهلكين
מסלול מהיר להסדר חובות ומחיקת ריביות פיגורים מופרזות.	A fast track for debt settlement and cancellation of excessive late interest.	مسار سريع لتسوية الديون وإلغاء فوائد التأخير المفرطة.
חוק המלחמה בהון השחור	Black Market Economy Law	قانون مكافحة الاقتصاد الأسود
הגבלת שימוש במזומן וחיזוק האכיפה על העלמות מס.	Limits cash use and strengthens enforcement against tax evasion.	تقييد استخدام النقد وتعزيز إنفاذ القانون ضد التهرب الضريبي.
חוק הפחתת מע״מ על מוצרי יסוד	Reduced VAT on Basic Goods Law	قانون تخفيض ضريبة القيمة المضافة على السلع الأساسية
מע״מ מופחת על לחם, חלב, ירקות ופירות.	Reduced VAT on bread, milk, vegetables and fruit.	ضريبة قيمة مضافة مخفضة على الخبز والحليب والخضار والفواكه.
חוק פטור ממס על חיסכון פנסיוני	Pension Tax Exemption Law	قانون الإعفاء الضريبي على المدخرات التقاعدية
הגדלת הפטור ממס על קצבאות פנסיה.	A larger tax exemption on pension annuities.	زيادة الإعفاء الضريبي على المعاشات التقاعدية.
חוק מס רכישה מופחת לדירה ראשונה	Reduced Purchase Tax on First Home Law	قانون تخفيض ضريبة الشراء على الشقة الأولى
פטור ממס רכישה לזוגות צעירים עד תקרה.	Purchase-tax exemption for young couples up to a ceiling.	إعفاء من ضريبة الشراء للأزواج الشباب حتى سقف معيّن.
חוק מס על דירות ריקות	Empty Apartments Tax Law	قانون الضريبة على الشقق الفارغة
היטל שנתי על דירות שעומדות ריקות יותר מתשעה חודשים.	An annual levy on apartments left empty for more than nine months.	رسم سنوي على الشقق الفارغة لأكثر من تسعة أشهر.
חוק כלל ההוצאה התקציבית	Budget Spending Rule Law	قانون قاعدة الإنفاق في الميزانية
עיגון כלל המגביל את גידול ההוצאה הממשלתית.	Enshrines a rule limiting the growth of government spending.	ترسيخ قاعدة تحدّ من نمو الإنفاق الحكومي.
חוק עידוד חיסכון לטווח ארוך	Long-Term Savings Incentive Law	قانون تشجيع الادخار طويل الأمد
הטבת מס לחיסכון ארוך-טווח בקופות גמל להשקעה.	A tax benefit for long-term savings in investment provident funds.	ميزة ضريبية للادخار طويل الأمد في صناديق الادخار الاستثمارية.
חוק הגשת דוח מס אוטומטי	Automatic Tax Refund Law	قانون استرداد الضريبة التلقائي
החזרי מס אוטומטיים לשכירים, בלי צורך בהגשת בקשה.	Automatic tax refunds for employees, with no need to apply.	استرداد تلقائي للضرائب للموظفين دون الحاجة لتقديم طلب.
חוק הרחבת זיכוי ממס על תרומות	Expanded Donation Tax Credit Law	قانون توسيع الإعفاء الضريبي على التبرعات
הגדלת הזיכוי ממס לתורמים למוסדות ציבור.	A larger tax credit for donors to public institutions.	زيادة الإعفاء الضريبي للمتبرعين للمؤسسات العامة.
חוק הארכת פטור המס לעולים ולתושבים חוזרים	Tax Exemption Extension for Olim and Returning Residents Law	قانون تمديد الإعفاء الضريبي للمهاجرين والعائدين
הארכת פטור על הכנסות מחו״ל לעולים ולתושבים חוזרים.	Extends the exemption on foreign income for new immigrants and returning residents.	تمديد الإعفاء على الدخل من الخارج للمهاجرين الجدد والمقيمين العائدين.
רפורמת מס ההכנסה הגדולה	Major Income Tax Reform	إصلاح ضريبة الدخل الكبير
הפחתת שיעורי המס בכל המדרגות ומימון באמצעות ביטול פטורים.	Lower tax rates in every bracket, funded by cancelling exemptions.	خفض معدلات الضريبة في جميع الشرائح وتمويل ذلك بإلغاء الإعفاءات.
רפורמת מס הכנסה שלילי מורחב	Expanded Negative Income Tax Reform	إصلاح ضريبة الدخل السلبية الموسّعة
הכפלת מענק העבודה לעובדים בשכר נמוך.	Doubles the work grant for low-wage workers.	مضاعفة منحة العمل للعاملين ذوي الأجور المنخفضة.
רפורמת הורדת המע״מ	VAT Cut Reform	إصلاح خفض ضريبة القيمة المضافة
הורדת שיעור המע״מ בשתי נקודות אחוז.	Lowers the VAT rate by two percentage points.	خفض نسبة ضريبة القيمة المضافة بنقطتين مئويتين.
רפורמת מס חברות תחרותי	Competitive Corporate Tax Reform	إصلاح ضريبة الشركات التنافسية
הורדת מס החברות כדי למשוך השקעות זרות.	Cuts corporate tax to attract foreign investment.	خفض ضريبة الشركات لجذب الاستثمارات الأجنبية.
רפורמת התחרות בבנקאות	Banking Competition Reform	إصلاح المنافسة المصرفية
בנקים דיגיטליים חדשים, ניוד חשבונות בלחיצה והפרדת חברות כרטיסי האשראי.	New digital banks, one-click account switching and separation of credit card companies.	بنوك رقمية جديدة ونقل الحسابات بنقرة وفصل شركات بطاقات الائتمان.
רפורמת תקציב דו-שנתי מבוסס תוצאות	Results-Based Biennial Budget Reform	إصلاح الميزانية الثنائية القائمة على النتائج
כל משרד מקבל תקציב לפי יעדים מדידים ותוצאות.	Each ministry is funded according to measurable targets and results.	كل وزارة تحصل على ميزانيتها حسب أهداف ونتائج قابلة للقياس.
רפורמת מיסוי רווחי הון ודיבידנדים	Capital Gains and Dividends Tax Reform	إصلاح ضرائب الأرباح الرأسمالية وأرباح الأسهم
השוואת המס על רווחי הון להכנסה מעבודה.	Equalizes the tax on capital gains with tax on income from work.	مساواة الضريبة على الأرباح الرأسمالية بضريبة الدخل من العمل.
רפורמת הפנסיה הלאומית	National Pension Reform	إصلاح المعاش الوطني
ביטחון בתשואה לחוסכים, הגדלת קצבאות מינימום וחיזוק הקרנות.	Guaranteed returns for savers, higher minimum pensions and stronger funds.	ضمان العوائد للمدخرين ورفع المعاشات الدنيا وتعزيز الصناديق.
רפורמת פישוט המס לעסקים קטנים	Small Business Tax Simplification Reform	إصلاح تبسيط الضرائب للأعمال الصغيرة
מס אחיד ופשוט על המחזור לעסקים קטנים, בלי הנהלת חשבונות כפולה.	A flat, simple turnover tax for small businesses, without double bookkeeping.	ضريبة موحدة وبسيطة على حجم المبيعات للأعمال الصغيرة دون محاسبة مزدوجة.
רפורמת עצמאות בנק ישמעאל	Bank of Yishmael Independence Reform	إصلاح استقلالية بنك يشمعيل
חיזוק עצמאות הבנק המרכזי ועיגון יעד האינפלציה בחוק.	Strengthens central bank independence and enshrines the inflation target in law.	تعزيز استقلالية البنك المركزي وترسيخ هدف التضخم في القانون.
רפורמת הפרטת חברות ממשלתיות	State Companies Privatization Reform	إصلاح خصخصة الشركات الحكومية
מכירת מניות בחברות ממשלתיות והקטנת החוב.	Sells shares in state companies and reduces the debt.	بيع أسهم في الشركات الحكومية وتقليص الدين.
רפורמת מיסוי משקיעי נדל״ן	Real Estate Investor Tax Reform	إصلاح ضرائب مستثمري العقارات
העלאת מס הרכישה על דירה שלישית ומעלה.	Raises purchase tax on a third apartment and beyond.	رفع ضريبة الشراء على الشقة الثالثة وما فوق.
רפורמת מענקי האיזון לרשויות	Local Authority Equalization Reform	إصلاح منح الموازنة للسلطات المحلية
העברת כסף מרשויות עשירות לרשויות חלשות לפי נוסחה שקופה.	Shifts funds from rich to weak local authorities using a transparent formula.	نقل الأموال من السلطات الغنية إلى الضعيفة وفق معادلة شفافة.
רפורמת קרן העושר הלאומית	National Wealth Fund Reform	إصلاح صندوق الثروة الوطني
קרן ממלכתית שמשקיעה את הכנסות הגז לטובת הדורות הבאים.	A state fund investing gas revenues for future generations.	صندوق حكومي يستثمر عائدات الغاز لصالح الأجيال القادمة.
רפורמת פתיחת היבוא	Import Opening Reform	إصلاح فتح الاستيراد
הסרת מכסים וחסמי יבוא על מזון ומוצרי צריכה.	Removes tariffs and import barriers on food and consumer goods.	إزالة الرسوم الجمركية وعوائق الاستيراد على الأغذية والسلع الاستهلاكية.
חוק הרחבת פטורי ויזה	Visa Waiver Expansion Law	قانون توسيع الإعفاء من التأشيرات
הסכמי פטור מוויזה עם מדינות נוספות ושיפור שירותי הקונסוליה.	Visa-waiver agreements with more countries and better consular services.	اتفاقيات إعفاء من التأشيرة مع دول إضافية وتحسين الخدمات القنصلية.
חוק סיוע לאזרחים בחו״ל	Citizens Abroad Assistance Law	قانون مساعدة المواطنين في الخارج
קרן חירום לחילוץ אזרחים בזמן אסונות ומשברים בחו״ל.	An emergency fund to evacuate citizens during disasters and crises abroad.	صندوق طوارئ لإجلاء المواطنين خلال الكوارث والأزمات في الخارج.
חוק תקציב ההסברה הלאומית	National Public Diplomacy Budget Law	قانون ميزانية الدبلوماسية العامة الوطنية
תקציב קבוע להסברה בעולם ולמאבק בדה-לגיטימציה.	A permanent budget for public diplomacy and the fight against delegitimization.	ميزانية ثابتة للدبلوماسية العامة ومكافحة نزع الشرعية.
חוק סיוע הומניטרי בינלאומי	International Humanitarian Aid Law	قانون المساعدات الإنسانية الدولية
השתתפות קבועה במשלחות סיוע לאסונות טבע בעולם.	Permanent participation in aid missions to natural disasters worldwide.	مشاركة دائمة في بعثات الإغاثة لكوارث طبيعية حول العالم.
חוק חיזוק שירות החוץ	Foreign Service Strengthening Law	قانون تعزيز السلك الدبلوماسي
תקינה ושכר לדיפלומטים ופתיחת נציגויות חדשות.	Staffing and pay for diplomats and new missions abroad.	وظائف ورواتب للدبلوماسيين وفتح بعثات جديدة.
חוק מלגות סטודנטים בינלאומיים	International Student Scholarships Law	قانون منح الطلاب الدوليين
מלגות לסטודנטים זרים ללימודים בישמעאל.	Scholarships for foreign students to study in Yishmael.	منح للطلاب الأجانب للدراسة في يشمعيل.
חוק עידוד הייצוא דרך הנציגויות	Export Promotion Through Missions Law	قانون تشجيع التصدير عبر البعثات
נספחים כלכליים בכל שגרירות וקרן ליווי ליצואנים קטנים.	An economic attaché in every embassy and a fund supporting small exporters.	ملحق اقتصادي في كل سفارة وصندوق لمرافقة المصدّرين الصغار.
חוק דיווח על מימון זר לעמותות	Foreign Funding of NGOs Disclosure Law	قانون الإبلاغ عن التمويل الأجنبي للجمعيات
חובת דיווח וסימון לעמותות שרוב מימונן מישויות מדיניות זרות.	Reporting and labeling duty for NGOs mostly funded by foreign governments.	واجب الإبلاغ والوسم للجمعيات الممولة غالبًا من جهات حكومية أجنبية.
חוק הצבעה בשגרירויות לשליחים	Embassy Voting for Emissaries Law	قانون التصويت في السفارات للمبعوثين
הרחבת זכות ההצבעה בחו״ל לשליחים ולבני משפחותיהם.	Expands voting abroad to emissaries and their families.	توسيع حق التصويت في الخارج ليشمل المبعوثين وعائلاتهم.
חוק הגנה משפטית לחיילים בחו״ל	Legal Protection for Soldiers Abroad Law	قانون الحماية القانونية للجنود في الخارج
ליווי משפטי ממלכתי לחיילים ולקצינים מול הליכים בבתי משפט זרים.	State legal support for soldiers and officers facing proceedings in foreign courts.	مرافقة قانونية حكومية للجنود والضباط أمام إجراءات في محاكم أجنبية.
חוק תוכנית שגרירים צעירים	Young Ambassadors Program Law	قانون برنامج السفراء الشباب
תוכנית חילופי צעירים עם מדינות ידידות.	A youth exchange program with friendly countries.	برنامج تبادل شبابي مع الدول الصديقة.
חוק השבת עתיקות מחו״ל	Repatriation of Antiquities Law	قانون إعادة الآثار من الخارج
פעילות דיפלומטית ומשפטית להשבת עתיקות שנגנבו.	Diplomatic and legal action to return stolen antiquities.	نشاط دبلوماسي وقانوني لإعادة الآثار المسروقة.
חוק דיפלומטיית מים	Water Diplomacy Law	قانون دبلوماسية المياه
מכירת טכנולוגיות מים והתפלה כחלק ממדיניות החוץ.	Selling water and desalination technology as part of foreign policy.	بيع تقنيات المياه والتحلية كجزء من السياسة الخارجية.
חוק פעולה בינלאומית למען חטופים ונעדרים	International Action for Hostages and Missing Law	قانون العمل الدولي من أجل المختطفين والمفقودين
צוות קבוע במשרד החוץ להשבת חטופים ונעדרים.	A permanent foreign ministry team working to return hostages and missing persons.	فريق دائم في وزارة الخارجية لإعادة المختطفين والمفقودين.
חוק הסכמי שמיים פתוחים	Open Skies Agreements Law	قانون اتفاقيات الأجواء المفتوحة
הסכמי תעופה עם מדינות נוספות להוזלת טיסות.	Aviation agreements with more countries to lower flight prices.	اتفاقيات طيران مع دول إضافية لخفض أسعار الرحلات.
רפורמת "הסדר אזורי רחב"	"Broad Regional Arrangement" Reform	إصلاح "التسوية الإقليمية الواسعة"
יוזמה מדינית לנורמליזציה עם ערב הסעודית בתמורה לאופק מדיני.	A diplomatic initiative for normalization with Saudi Arabia in return for a political horizon.	مبادرة سياسية للتطبيع مع السعودية مقابل أفق سياسي.
רפורמת שירות החוץ המקצועי	Professional Foreign Service Reform	إصلاح السلك الدبلوماسي المهني
מינויים מקצועיים לשגרירים, מכרזים שקופים והכשרה מתקדמת.	Professional ambassador appointments, transparent tenders and advanced training.	تعيينات مهنية للسفراء ومناقصات شفافة وتأهيل متقدم.
רפורמת מדיניות החוץ לאפריקה ולאסיה	Africa and Asia Policy Reform	إصلاح السياسة الخارجية تجاه أفريقيا وآسيا
פתיחת שגרירויות וסיוע לפיתוח במדינות אפריקה ואסיה.	New embassies and development aid in African and Asian countries.	فتح سفارات ومساعدات تنموية في دول أفريقيا وآسيا.
רפורמת ההסברה הדיגיטלית	Digital Public Diplomacy Reform	إصلاح الدبلوماسية العامة الرقمية
מערך הסברה דיגיטלי בעשר שפות עם מענה בזמן אמת.	A digital public diplomacy unit in ten languages with real-time response.	منظومة دبلوماسية رقمية بعشر لغات مع استجابة فورية.
רפורמת הסכמי סחר חופשי	Free Trade Agreements Reform	إصلاح اتفاقيات التجارة الحرة
הסכמי סחר חופשי חדשים עם הודו, יפן ומפרץ.	New free trade agreements with India, Japan and the Gulf.	اتفاقيات تجارة حرة جديدة مع الهند واليابان والخليج.
רפורמת שדרוג הברית האסטרטגית	Strategic Alliance Upgrade Reform	إصلاح ترقية التحالف الاستراتيجي
הסכם הגנה ושיתוף פעולה טכנולוגי ארוך-טווח עם ארצות הברית.	A long-term defense and technology cooperation pact with the United States.	اتفاقية دفاع وتعاون تكنولوجي طويلة الأمد مع الولايات المتحدة.
רפורמת השתלבות בתוכניות האיחוד האירופי	EU Programs Integration Reform	إصلاح الاندماج في برامج الاتحاد الأوروبي
הצטרפות לתוכניות מחקר, סחר ותעופה של האיחוד האירופי.	Joining EU research, trade and aviation programs.	الانضمام إلى برامج البحث والتجارة والطيران في الاتحاد الأوروبي.
רפורמת המאבק בבתי הדין הבינלאומיים	International Courts Response Reform	إصلاح مواجهة المحاكم الدولية
מערך משפטי ודיפלומטי קבוע מול הליכים בבתי דין בינלאומיים.	A permanent legal and diplomatic unit facing proceedings in international courts.	منظومة قانونية ودبلوماسية دائمة لمواجهة الإجراءات في المحاكم الدولية.
רפורמת הדיפלומטיה הטכנולוגית	Tech Diplomacy Reform	إصلاح الدبلوماسية التكنولوجية
שיתופי פעולה בסייבר, בינה מלאכותית ואנרגיה כבסיס ליחסים.	Cooperation on cyber, AI and energy as a basis for relations.	التعاون في السايبر والذكاء الاصطناعي والطاقة كأساس للعلاقات.
רפורמת יחסים עם מצרים וירדן	Egypt and Jordan Relations Reform	إصلاح العلاقات مع مصر والأردن
פרויקטים משותפים במים, אנרגיה ותיירות לחיזוק הסכמי השלום.	Joint water, energy and tourism projects to strengthen the peace treaties.	مشاريع مشتركة في المياه والطاقة والسياحة لتعزيز اتفاقيات السلام.
רפורמת המועצה לביטחון לאומי ומדיניות חוץ	National Security and Foreign Policy Council Reform	إصلاح مجلس الأمن القومي والسياسة الخارجية
תיאום מחייב בין משרד החוץ, מערכת הביטחון ומשרד ראש הממשלה.	Binding coordination between the foreign ministry, the defense system and the prime minister's office.	تنسيق ملزم بين وزارة الخارجية والمنظومة الأمنية ومكتب رئيس الحكومة.
רפורמת סיוע חוץ לפיתוח	Foreign Development Aid Reform	إصلاح المساعدات الخارجية للتنمية
הקצאה קבועה של אחוז מהתקציב לסיוע לפיתוח בעולם.	A fixed share of the budget for international development aid.	تخصيص نسبة ثابتة من الميزانية للمساعدات التنموية حول العالم.
רפורמת שירותי הקונסוליה הדיגיטליים	Digital Consular Services Reform	إصلاح الخدمات القنصلية الرقمية
דרכון, אשרות ותעודות בהזמנה מקוונת מכל מקום בעולם.	Passports, visas and certificates ordered online from anywhere.	جوازات سفر وتأشيرات وشهادات بطلب إلكتروني من أي مكان.
רפורמת המאבק הבינלאומי באנטישמיות	International Fight Against Antisemitism Reform	إصلاح المكافحة الدولية لمعاداة السامية
קואליציה בינלאומית, חקיקה במדינות ידידות ומעקב אחר תקריות.	An international coalition, legislation in friendly countries and incident monitoring.	تحالف دولي وتشريعات في الدول الصديقة ورصد الحوادث.
רפורמת המסדרון הכלכלי הודו-אירופה	India-Europe Economic Corridor Reform	إصلاح الممر الاقتصادي الهند-أوروبا
חיבור ישמעאל למסדרון סחר יבשתי וימי מהודו לאירופה.	Connects Yishmael to an overland and maritime trade corridor from India to Europe.	ربط يشمعيل بممر تجاري بري وبحري من الهند إلى أوروبا.
חוק קיצור משך ההליכים בבתי המשפט	Shorter Court Proceedings Law	قانون تقصير مدة الإجراءات في المحاكم
מינוי שופטים נוספים ויעדי זמן מחייבים לפסקי דין.	More judges and binding time targets for rulings.	تعيين قضاة إضافيين وأهداف زمنية ملزمة للأحكام.
חוק הרחבת הסיוע המשפטי	Expanded Legal Aid Law	قانون توسيع المساعدة القانونية
ייצוג משפטי חינם בתיקים אזרחיים לבעלי הכנסה נמוכה.	Free legal representation in civil cases for low-income people.	تمثيل قانوني مجاني في القضايا المدنية لذوي الدخل المنخفض.
חוק גישור חובה בגירושין	Mandatory Divorce Mediation Law	قانون الوساطة الإلزامية في الطلاق
גישור כשלב ראשון בסכסוכי גירושין לפני הגשת תביעה.	Mediation as a first step in divorce disputes before filing a suit.	الوساطة كمرحلة أولى في نزاعات الطلاق قبل رفع الدعوى.
חוק הגנת הפרטיות המעודכן	Updated Privacy Protection Law	قانون حماية الخصوصية المحدّث
עדכון חוק הפרטיות לעידן המידע, כולל קנסות למאגרים שדולפים.	Updates privacy law for the information age, including fines for leaking databases.	تحديث قانون الخصوصية لعصر المعلومات، بما في ذلك غرامات على قواعد البيانات المسربة.
חוק אזיקים אלקטרוניים לאלימות במשפחה	Electronic Monitoring for Domestic Violence Law	قانون الأساور الإلكترونية للعنف الأسري
פיקוח אלקטרוני על גברים אלימים שהוצא נגדם צו הרחקה.	Electronic monitoring of violent offenders under a restraining order.	مراقبة إلكترونية للمعتدين الخاضعين لأمر إبعاد.
חוק תובענות ייצוגיות הוגנות	Fair Class Actions Law	قانون الدعاوى الجماعية العادلة
סינון תביעות סרק והגנה על צרכנים שנפגעו באמת.	Filters out frivolous suits and protects consumers who were really harmed.	تصفية الدعاوى الكيدية وحماية المستهلكين المتضررين فعلًا.
חוק מחיקת חובות לחייבים בני 70 ומעלה	Debt Discharge for Ages 70+ Law	قانون إعفاء المدينين من سن 70 فما فوق
הליך מקוצר להפטר מחובות לקשישים חסרי יכולת.	A shortened discharge procedure for elderly insolvent debtors.	إجراء مختصر لإعفاء كبار السن المعسرين من الديون.
חוק עדות ילדים מוגנת	Protected Child Testimony Law	قانون شهادة الأطفال المحمية
חדרי חקירה מותאמים ועדות מוקלטת לקטינים נפגעי עבירה.	Child-friendly interview rooms and recorded testimony for minor victims.	غرف تحقيق ملائمة وشهادة مسجّلة للقاصرين ضحايا الجرائم.
חוק מחיקת רישום פלילי לעבירות קלות	Expungement of Minor Offenses Law	قانون محو السجل الجنائي للمخالفات البسيطة
מחיקה מוקדמת של רישום על עבירות קלות שבוצעו בצעירות.	Early expungement of minor offenses committed when young.	محو مبكر لسجل المخالفات البسيطة المرتكبة في سن الشباب.
חוק בית המשפט הדיגיטלי	Digital Court Law	قانون المحكمة الرقمية
הגשת מסמכים ודיונים קצרים במערכת מקוונת.	Online filing of documents and short hearings.	تقديم المستندات وجلسات قصيرة عبر منظومة إلكترونية.
חוק הגנה על שוכרי דירות	Tenant Protection Law	قانون حماية مستأجري الشقق
חוזה שכירות אחיד, פיקדון מוגבל והגנה מפני פינוי פתאומי.	A standard lease, limited deposits and protection from sudden eviction.	عقد إيجار موحد وتأمين محدود وحماية من الإخلاء المفاجئ.
חוק פיצוי לנפגעי עבירה	Crime Victims Compensation Law	قانون تعويض ضحايا الجرائم
קרן ממלכתית שמשלמת לנפגעים ותובעת את הפוגע.	A state fund that pays victims and recovers the money from offenders.	صندوق حكومي يدفع للضحايا ويطالب الجاني بالتعويض.
חוק חתימה דיגיטלית ונוטריון מקוון	Digital Signature and Online Notary Law	قانون التوقيع الرقمي والكاتب العدل الإلكتروني
הכרה מלאה בחתימה דיגיטלית ובאימות נוטריוני מרחוק.	Full recognition of digital signatures and remote notarization.	اعتراف كامل بالتوقيع الرقمي والتوثيق عن بعد.
חוק החמרת הענישה על שוחד	Harsher Bribery Penalties Law	قانون تشديد العقوبة على الرشوة
עונשים כבדים יותר על שוחד ציבורי וחילוט רווחים.	Heavier sentences for public bribery and forfeiture of proceeds.	عقوبات أشد على الرشوة العامة ومصادرة العائدات.
חוק הסרת תכנים פוגעניים ברשת	Harmful Online Content Removal Law	قانون إزالة المحتوى المسيء عبر الإنترنت
הליך מהיר להסרת תמונות אינטימיות והשמצות מהרשת.	A fast procedure to remove intimate images and defamation online.	إجراء سريع لإزالة الصور الحميمة والتشهير من الإنترنت.
רפורמת ההרכב של הוועדה לבחירת שופטים	Judicial Selection Committee Reform	إصلاح تشكيلة لجنة اختيار القضاة
שינוי ההרכב כך שלנציגי הציבור יהיה רוב.	Changes the committee's makeup so that elected representatives hold a majority.	تغيير التشكيلة بحيث تكون الأغلبية لممثلي الجمهور.
רפורמת חוקה בהסכמה רחבה	Broad-Consensus Constitution Reform	إصلاح دستوري بتوافق واسع
חוק יסוד: החקיקה, שמסדיר את היחסים בין הכנסטון לבית המשפט, ברוב של 80.	Basic Law: Legislation, regulating the Knesseton-court relationship, passed by 80 votes.	قانون أساس: التشريع، الذي ينظم العلاقة بين الكنيستون والمحكمة، بأغلبية 80.
רפורמת פיצול תפקיד היועץ המשפטי לממשלה	Attorney General Role Split Reform	إصلاح فصل دور المستشار القضائي للحكومة
הפרדה בין התביעה הכללית לבין הייעוץ המשפטי לממשלה.	Separates the public prosecution from legal advice to the government.	الفصل بين النيابة العامة والاستشارة القانونية للحكومة.
רפורמת מערכת המשפט היעילה	Efficient Justice System Reform	إصلاح منظومة القضاء الفعالة
הגדלת מספר השופטים ב-30% ובתי משפט אזוריים חדשים.	30% more judges and new regional courts.	زيادة عدد القضاة بنسبة 30% ومحاكم إقليمية جديدة.
רפורמת הענישה החלופית	Alternative Sentencing Reform	إصلاح العقوبات البديلة
ענישה בקהילה ושיקום במקום מאסר קצר לעבירות קלות.	Community sentences and rehabilitation instead of short prison terms for minor offenses.	عقوبات مجتمعية وإعادة تأهيل بدل السجن القصير للمخالفات البسيطة.
רפורמת ברית הזוגיות	Civil Union Reform	إصلاح الاتحاد المدني
מסלול אזרחי לנישואין ולגירושין לצד המסלול הדתי.	A civil track for marriage and divorce alongside the religious one.	مسار مدني للزواج والطلاق إلى جانب المسار الديني.
רפורמת בתי משפט לענייני משפחה	Family Courts Reform	إصلاح محاكم شؤون الأسرة
מרכזי סיוע, עובדים סוציאליים וגישור בכל בית משפט למשפחה.	Support centers, social workers and mediation in every family court.	مراكز مساعدة وعاملون اجتماعيون ووساطة في كل محكمة أسرة.
רפורמת פסקת ההתגברות המוגבלת	Limited Override Clause Reform	إصلاح بند التغلب المحدود
אפשרות לכנסטון לחוקק מחדש חוק שנפסל, ברוב של 70.	Lets the Knesseton re-enact a struck-down law with 70 votes.	إمكانية الكنيستون إعادة سنّ قانون أُلغي بأغلبية 70.
רפורמת נציבות ביקורת על הפרקליטות	Prosecution Oversight Commission Reform	إصلاح مفوضية الرقابة على النيابة
נציבות עצמאית עם סמכויות לבדוק תלונות על התביעה.	An independent commission empowered to examine complaints against prosecutors.	مفوضية مستقلة بصلاحيات لفحص الشكاوى ضد النيابة.
רפורמת חדלות פירעון לעסקים	Business Insolvency Reform	إصلاح الإعسار للأعمال
הליך שיקום מהיר לעסקים קטנים בקשיים במקום פשיטת רגל.	A fast rehabilitation procedure for struggling small businesses instead of bankruptcy.	إجراء تأهيل سريع للأعمال الصغيرة المتعثرة بدل الإفلاس.
רפורמת השוויון בגישה למשפט	Equal Access to Justice Reform	إصلاح المساواة في الوصول إلى القضاء
סיוע משפטי, תרגום ובתי משפט נגישים בכל אזור.	Legal aid, interpretation and accessible courts in every region.	مساعدة قانونية وترجمة ومحاكم متاحة في كل منطقة.
רפורמת חוק חופש המידע	Freedom of Information Reform	إصلاح قانون حرية المعلومات
פרסום יזום של החלטות ממשלה ותקציבים במאגר פתוח.	Proactive publication of government decisions and budgets in an open database.	نشر استباقي لقرارات الحكومة والميزانيات في قاعدة بيانات مفتوحة.
רפורמת הגבלת עתירות ציבוריות	Public Petitions Standing Reform	إصلاح تقييد الالتماسات العامة
צמצום זכות העמידה בבג״ץ לנפגעים ישירים בלבד.	Limits standing in the High Court to directly affected parties.	حصر حق الالتماس للمحكمة العليا بالمتضررين المباشرين فقط.
רפורמת דיני החברות וממשל תאגידי	Corporate Law and Governance Reform	إصلاح قانون الشركات والحوكمة
הגנה על בעלי מניות מיעוט ושקיפות בשכר הבכירים.	Protects minority shareholders and makes executive pay transparent.	حماية مساهمي الأقلية والشفافية في رواتب كبار المديرين.
רפורמת חוק הבינה המלאכותית	Artificial Intelligence Law Reform	إصلاح قانون الذكاء الاصطناعي
כללי אחריות, שקיפות ופיקוח על מערכות בינה מלאכותית.	Rules for liability, transparency and oversight of AI systems.	قواعد للمسؤولية والشفافية والرقابة على أنظمة الذكاء الاصطناعي.
חוק תוספת שוטרים לשכונות	Neighborhood Police Expansion Law	قانون زيادة شرطة الأحياء
גיוס 2,000 שוטרי שכונה ופריסתם בערים.	Recruits 2,000 neighborhood officers and deploys them in cities.	تجنيد 2,000 شرطي حي ونشرهم في المدن.
חוק שכר השוטרים	Police Pay Law	قانون رواتب الشرطة
העלאת שכר השוטרים והסוהרים כדי לעצור את העזיבה.	Raises police and prison guard pay to stop attrition.	رفع رواتب الشرطة والسجانين لوقف التسرب.
חוק הרחבת רישיונות הנשק	Firearms License Expansion Law	قانون توسيع تراخيص السلاح
הקלה בתנאים לקבלת רישיון נשק לאזרחים שעברו הכשרה.	Easier conditions for trained civilians to obtain gun licenses.	تسهيل شروط الحصول على رخصة سلاح للمدنيين المدرّبين.
חוק מצלמות אבטחה במרחב הציבורי	Public Space Security Cameras Law	قانون كاميرات المراقبة في الفضاء العام
מערך מצלמות בערים עם כללי שימוש ופיקוח.	A camera network in cities with usage rules and oversight.	شبكة كاميرات في المدن مع قواعد استخدام ورقابة.
חוק חיזוק הכבאות וההצלה	Fire and Rescue Strengthening Law	قانون تعزيز الإطفاء والإنقاذ
תחנות כיבוי חדשות ומטוסי כיבוי נוספים.	New fire stations and additional firefighting aircraft.	محطات إطفاء جديدة وطائرات إطفاء إضافية.
חוק אכיפה נגד נהיגה פרועה	Reckless Driving Enforcement Law	قانون الإنفاذ ضد القيادة المتهورة
החרמת רכב ושלילת רישיון מיידית בנהיגה מסוכנת.	Immediate vehicle seizure and license suspension for dangerous driving.	مصادرة المركبة وسحب الرخصة فورًا عند القيادة الخطرة.
חוק הגנה על קשישים מפני הונאות	Elder Fraud Protection Law	قانون حماية المسنين من الاحتيال
יחידה ייעודית להונאות טלפוניות ומקוונות נגד קשישים.	A dedicated unit for phone and online fraud against the elderly.	وحدة مختصة بالاحتيال الهاتفي والإلكتروني ضد المسنين.
חוק המאבק בסחר בסמים	Drug Trafficking Law	قانون مكافحة الاتجار بالمخدرات
החמרת הענישה על סחר בסמים קשים ליד בתי ספר.	Harsher sentences for dealing hard drugs near schools.	تشديد العقوبات على تجارة المخدرات الصلبة قرب المدارس.
חוק תנאי הכליאה	Prison Conditions Law	قانون ظروف الاحتجاز
הרחבת שטח המחיה לאסירים ובניית בתי כלא חדשים.	More living space for prisoners and new prisons.	زيادة مساحة المعيشة للسجناء وبناء سجون جديدة.
חוק משמר לאומי מתנדבים	Volunteer National Guard Law	قانون الحرس الوطني التطوعي
כוח מתנדבים מאומן לסיוע למשטרה בחירום.	A trained volunteer force to support the police in emergencies.	قوة متطوعين مدرّبة لمساعدة الشرطة في حالات الطوارئ.
חוק יחידת הסייבר-פשיעה	Cybercrime Unit Law	قانون وحدة الجرائم الإلكترونية
יחידה ארצית לפשיעה ברשת ובעברות נגד קטינים.	A national unit for online crime and offenses against minors.	وحدة قطرية للجرائم الإلكترونية والجرائم ضد القاصرين.
חוק צו הגנה מהיר	Fast Protection Order Law	قانون أمر الحماية السريع
צו הגנה זמני תוך 24 שעות לנפגעות אלימות.	A temporary protection order within 24 hours for violence victims.	أمر حماية مؤقت خلال 24 ساعة لضحايا العنف.
חוק אכיפה נגד גניבות חקלאיות	Agricultural Theft Enforcement Law	قانون الإنفاذ ضد السرقات الزراعية
יחידה ייעודית נגד גניבות ופרוטקשן ממשקים חקלאיים.	A dedicated unit against theft and protection rackets targeting farms.	وحدة مختصة ضد السرقات والخاوة من المزارع.
חוק הגבלת מכירת אלכוהול בלילה	Night Alcohol Sales Restriction Law	قانون تقييد بيع الكحول ليلًا
איסור מכירה בחנויות בין 23:00 ל-06:00.	Bans store sales between 11 PM and 6 AM.	حظر البيع في المتاجر بين الساعة 23:00 و06:00.
חוק נציבות תלונות על שוטרים	Police Complaints Commission Law	قانون مفوضية الشكاوى ضد الشرطة
גוף עצמאי לבירור תלונות על התנהגות שוטרים.	An independent body to investigate complaints about police conduct.	هيئة مستقلة للتحقيق في الشكاوى حول سلوك الشرطة.
רפורמת "אף רצח לא נשאר פתוח"	"No Murder Left Unsolved" Reform	إصلاح "لا جريمة قتل بلا حل"
תגבור יחידות חקירה ואכיפה נגד ארגוני הפשיעה בכל הארץ.	More investigation and enforcement units against crime organizations nationwide.	تعزيز وحدات التحقيق والإنفاذ ضد منظمات الإجرام في كل البلاد.
רפורמת כפיפות המשטרה לשר	Police Subordination to the Minister Reform	إصلاح خضوع الشرطة للوزير
הרחבת סמכויות השר בקביעת מדיניות המשטרה.	Expands the minister's power to set police policy.	توسيع صلاحيات الوزير في تحديد سياسة الشرطة.
רפורמת עצמאות המשטרה	Police Independence Reform	إصلاح استقلالية الشرطة
מינוי מפכ״ל בוועדה מקצועית והגבלת התערבות פוליטית.	Police commissioner appointed by a professional committee, limiting political interference.	تعيين المفتش العام عبر لجنة مهنية وتقييد التدخل السياسي.
רפורמת שיטור קהילתי	Community Policing Reform	إصلاح الشرطة المجتمعية
תחנות שכונתיות, שוטר קבוע לכל שכונה ושיתוף התושבים.	Neighborhood stations, a permanent officer for each neighborhood and resident involvement.	مراكز أحياء وشرطي دائم لكل حي وإشراك السكان.
רפורמת בתי הסוהר והשיקום	Prisons and Rehabilitation Reform	إصلاح السجون وإعادة التأهيل
הכשרה מקצועית ותעסוקה לאסירים להפחתת חזרה לפשיעה.	Vocational training and work for prisoners to cut reoffending.	تأهيل مهني وتشغيل للسجناء لتقليل العودة للجريمة.
רפורמת מוקד חירום לאומי	National Emergency Hotline Reform	إصلاح الخط الوطني للطوارئ
מספר חירום אחד למשטרה, כבאות ומד״א עם זמן תגובה מחייב.	One emergency number for police, fire and ambulance with binding response times.	رقم طوارئ واحد للشرطة والإطفاء والإسعاف مع زمن استجابة ملزم.
רפורמת החרמת רכוש עבריינים	Criminal Asset Seizure Reform	إصلاح مصادرة أملاك المجرمين
חילוט רכוש של ארגוני פשיעה והעברתו לקהילות שנפגעו.	Confiscates crime-organization assets and transfers them to affected communities.	مصادرة أملاك منظمات الإجرام ونقلها للمجتمعات المتضررة.
רפורמת שירותי הכבאות הארציים	National Fire Services Reform	إصلاح خدمات الإطفاء القطرية
ציוד, כוח אדם וזמני תגובה אחידים בכל הארץ.	Uniform equipment, staffing and response times across the country.	معدات وكوادر وأزمنة استجابة موحدة في كل البلاد.
רפורמת המעבדות הפורנזיות	Forensic Labs Reform	إصلاح مختبرات الأدلة الجنائية
מעבדה ארצית מודרנית לפענוח ראיות תוך ימים.	A modern national lab that processes evidence within days.	مختبر قطري حديث لتحليل الأدلة خلال أيام.
רפורמת אי-הפללת שימוש עצמי בקנאביס	Cannabis Personal Use Decriminalization Reform	إصلاح عدم تجريم الاستخدام الشخصي للقنب
קנס מנהלי במקום תיק פלילי על שימוש עצמי.	An administrative fine instead of a criminal record for personal use.	غرامة إدارية بدل ملف جنائي للاستخدام الشخصي.
רפורמת אבטחת יישובים	Communities Security Reform	إصلاح تأمين البلدات
מימון רבש״צים, גדרות ומצלמות בכל היישובים הכפריים.	Funds security coordinators, fences and cameras in every rural community.	تمويل منسقي الأمن والأسوار والكاميرات في كل البلدات الريفية.
רפורמת שוטרים מקרב החברה הערבית	Arab Community Police Recruitment Reform	إصلاح تجنيد شرطيين من المجتمع العربي
גיוס והכשרה של אלפי שוטרים מהחברה הערבית.	Recruits and trains thousands of officers from Arab society.	تجنيد وتأهيل آلاف الشرطيين من المجتمع العربي.
רפורמת שיטור מבוסס נתונים	Data-Driven Policing Reform	إصلاح الشرطة القائمة على البيانات
מערכת נתונים לפריסת כוחות לפי מוקדי פשיעה.	A data system to deploy forces according to crime hotspots.	منظومة بيانات لنشر القوات حسب بؤر الجريمة.
רפורמת משמר הגבול המורחב	Expanded Border Police Reform	إصلاح حرس الحدود الموسّع
הכפלת כוחות מג״ב לפריסה מהירה בערים מעורבות ובגבולות.	Doubles Border Police forces for rapid deployment in mixed cities and borders.	مضاعفة قوات حرس الحدود للانتشار السريع في المدن المختلطة وعلى الحدود.
רפורמת האקדמיה לשוטרים	Police Academy Reform	إصلاح أكاديمية الشرطة
מסלול אקדמי והכשרה ארוכה לכל שוטר חדש.	An academic track and longer training for every new officer.	مسار أكاديمي وتدريب أطول لكل شرطي جديد.
חוק תעודת זהות דיגיטלית	Digital ID Law	قانون الهوية الرقمية
תעודה דיגיטלית בטלפון לכל השירותים הממשלתיים.	A digital ID on your phone for every government service.	هوية رقمية على الهاتف لجميع الخدمات الحكومية.
חוק קיצור הליכי רישוי בנייה	Building Permit Fast Track Law	قانون تقصير إجراءات ترخيص البناء
היתר בנייה לבתים פרטיים תוך 90 יום.	Building permits for private homes within 90 days.	رخصة بناء للبيوت الخاصة خلال 90 يومًا.
חוק הגבלת כהונת ראשי רשויות	Mayoral Term Limits Law	قانون تحديد ولايات رؤساء السلطات
שלוש קדנציות לכל היותר לראש רשות מקומית.	A maximum of three terms for local authority heads.	ثلاث ولايات كحد أقصى لرئيس السلطة المحلية.
חוק הסדרת הבנייה ביישובים הערביים	Arab Towns Building Regularization Law	قانون تسوية البناء في البلدات العربية
תוכניות מתאר חדשות והכשרת בתים קיימים.	New master plans and legalization of existing homes.	مخططات هيكلية جديدة وتسوية البيوت القائمة.
חוק הנחה בארנונה למשפחות במצוקה	Property Tax Discount for Struggling Families Law	قانون خصم ضريبة الأملاك للعائلات المحتاجة
הנחה אחידה בכל הרשויות למשפחות במצוקה.	A uniform discount in every authority for struggling families.	خصم موحد في جميع السلطات للعائلات المحتاجة.
חוק שירותי אוכלוסין בזמן	Timely Population Services Law	قانون خدمات السكان في الوقت المحدد
תור לרשות האוכלוסין תוך שבוע, ושירותים מקוונים.	A Population Authority appointment within a week, plus online services.	موعد لدى سلطة السكان خلال أسبوع وخدمات إلكترونية.
חוק אכיפת הניקיון ברשויות	Municipal Cleanliness Enforcement Law	قانون إنفاذ النظافة في السلطات
קנסות על השלכת פסולת ותקני ניקיון מחייבים.	Littering fines and binding cleanliness standards.	غرامات على إلقاء النفايات ومعايير نظافة ملزمة.
חוק איחוד רשויות קטנות	Small Authorities Merger Law	قانون دمج السلطات الصغيرة
תמריצים לרשויות קטנות שמתאחדות לשירותים משותפים.	Incentives for small authorities that merge into shared services.	حوافز للسلطات الصغيرة التي تندمج في خدمات مشتركة.
חוק שקיפות במכרזי הרשויות	Municipal Tender Transparency Law	قانون الشفافية في مناقصات السلطات
פרסום כל המכרזים וההתקשרויות של הרשויות באתר פתוח.	All municipal tenders and contracts published on an open site.	نشر جميع مناقصات وعقود السلطات على موقع مفتوح.
חוק שטחים ירוקים בשכונות	Neighborhood Green Spaces Law	قانون المساحات الخضراء في الأحياء
מינימום שטח ציבורי פתוח לכל תושב בתכנון חדש.	A minimum of open public space per resident in new plans.	حد أدنى من المساحات العامة المفتوحة لكل ساكن في التخطيط الجديد.
חוק נגישות במבני ציבור	Public Buildings Accessibility Law	قانون الإتاحة في المباني العامة
השלמת הנגישות בכל מבני הרשויות תוך שלוש שנים.	Full accessibility in all municipal buildings within three years.	استكمال الإتاحة في جميع مباني السلطات خلال ثلاث سنوات.
חוק איחוד משפחות לעובדים זרים ותיקים	Family Reunification for Veteran Foreign Workers Law	قانون لمّ شمل عائلات العمال الأجانب القدامى
מסלול מוסדר לבני משפחה של עובדים ותיקים.	A regulated track for family members of veteran workers.	مسار منظم لأفراد عائلات العمال القدامى.
חוק בטיחות בדרך לבית הספר	Safe Route to School Law	قانون السلامة في الطريق إلى المدرسة
מעברי חצייה מוארים וסדרנים ליד כל בית ספר.	Lit crosswalks and crossing guards near every school.	ممرات مشاة مضاءة ومنظمو عبور قرب كل مدرسة.
חוק היטל השבחה מופחת להתחדשות	Reduced Betterment Levy for Renewal Law	قانون خفض رسوم التحسين للتجديد
הפחתת היטל ההשבחה בפרויקטים של התחדשות עירונית.	A lower betterment levy for urban renewal projects.	خفض رسوم التحسين في مشاريع التجديد الحضري.
חוק צער בעלי חיים ברשויות	Municipal Animal Welfare Law	قانون الرفق بالحيوان في السلطات
פיקוח וטרינרי, עיקור וסירוס ומקלטים לחיות.	Veterinary oversight, spay-and-neuter programs and animal shelters.	رقابة بيطرية وتعقيم وملاجئ للحيوانات.
רפורמת התכנון הארצית	National Planning Reform	إصلاح التخطيط القطري
ועדה אחת לתכנון ורישוי, תוכניות מאושרות תוך שנה.	One committee for planning and licensing, with plans approved within a year.	لجنة واحدة للتخطيط والترخيص، والموافقة على المخططات خلال سنة.
רפורמת השלטון המקומי החזק	Empowered Local Government Reform	إصلاح الحكم المحلي القوي
העברת סמכויות ותקציבים מהממשלה לרשויות שעומדות ביעדים.	Transfers powers and budgets from government to authorities that meet targets.	نقل صلاحيات وميزانيات من الحكومة إلى السلطات التي تحقق الأهداف.
רפורמת צמצום הפערים בין הרשויות	Closing Gaps Between Authorities Reform	إصلاح تقليص الفجوات بين السلطات
מענקים לפיתוח ולשירותים ברשויות החלשות לפי נוסחה.	Development and service grants to weak authorities by formula.	منح للتطوير والخدمات في السلطات الضعيفة حسب معادلة.
רפורמת "ממשלה בטלפון"	"Government on Your Phone" Reform	إصلاح "الحكومة على هاتفك"
כל השירותים הממשלתיים זמינים באפליקציה אחת.	All government services available in a single app.	جميع الخدمات الحكومية متاحة في تطبيق واحد.
רפורמת הסדרת הכפרים הבלתי מוכרים בנגב	Unrecognized Villages in the Negev Reform	إصلاح تسوية القرى غير المعترف بها في النقب
הכרה, תשתיות ושירותים בתמורה להסדרת הקרקעות.	Recognition, infrastructure and services in return for land regularization.	اعتراف وبنية تحتية وخدمات مقابل تسوية الأراضي.
רפורמת הארנונה האחידה	Uniform Property Tax Reform	إصلاح ضريبة الأملاك الموحدة
שיטת חישוב אחת לארנונה בכל הארץ, הוגנת ושקופה.	One property-tax method for the whole country, fair and transparent.	طريقة حساب واحدة لضريبة الأملاك في كل البلاد، عادلة وشفافة.
רפורמת הבחירות לרשויות	Local Elections Reform	إصلاح الانتخابات المحلية
בחירה ישירה עם סיבוב שני ומימון שקוף של מתמודדים.	Direct election with a runoff and transparent candidate funding.	انتخاب مباشر مع جولة ثانية وتمويل شفاف للمرشحين.
רפורמת התחדשות עירונית מואצת	Accelerated Urban Renewal Reform	إصلاح التجديد الحضري المسرّع
רוב של 60% לפינוי-בינוי ומסלול מהיר לאישור.	A 60% majority for demolish-and-rebuild and a fast approval track.	أغلبية 60% للإخلاء والبناء ومسار موافقة سريع.
רפורמת מדיניות ההגירה	Immigration Policy Reform	إصلاح سياسة الهجرة
מדיניות כוללת לעובדים זרים, למבקשי מקלט ולעבודה בישמעאל.	A comprehensive policy for foreign workers, asylum seekers and work in Yishmael.	سياسة شاملة للعمال الأجانب وطالبي اللجوء والعمل في يشمعيل.
רפורמת היערכות הרשויות לחירום	Local Emergency Preparedness Reform	إصلاح جاهزية السلطات للطوارئ
מחסני חירום, מוקד ומתנדבים מאומנים בכל רשות.	Emergency stores, a hotline and trained volunteers in every authority.	مخازن طوارئ ومركز اتصال ومتطوعون مدرّبون في كل سلطة.
רפורמת חלוקת הכנסות מאזורי תעשייה	Industrial Zone Revenue Sharing Reform	إصلاح تقاسم إيرادات المناطق الصناعية
חלוקת הארנונה מאזורי תעשייה בין הרשויות השכנות.	Shares property tax from industrial zones among neighboring authorities.	تقاسم ضريبة الأملاك من المناطق الصناعية بين السلطات المجاورة.
רפורמת המאבק בשחיתות ברשויות	Municipal Anti-Corruption Reform	إصلاح مكافحة الفساد في السلطات
מבקר עצמאי לכל רשות וחובת דיווח על ניגודי עניינים.	An independent auditor for every authority and mandatory conflict-of-interest reporting.	مراقب مستقل لكل سلطة وإلزام الإبلاغ عن تضارب المصالح.
רפורמת שירותים משותפים לאשכולות	Regional Clusters Shared Services Reform	إصلاح الخدمات المشتركة للعناقيد الإقليمية
אשכולות אזוריים לתחבורה, פסולת וחינוך בין רשויות.	Regional clusters for transport, waste and education across authorities.	عناقيد إقليمية للنقل والنفايات والتعليم بين السلطات.
רפורמת חיזוק מבנים מפני רעידות אדמה	Earthquake Retrofitting Reform	إصلاح تدعيم المباني ضد الزلازل
מימון חיזוק מבנים ישנים באזורי סיכון.	Funds retrofitting of old buildings in high-risk areas.	تمويل تدعيم المباني القديمة في مناطق الخطر.
רפורמת מדד איכות השירות ברשויות	Municipal Service Quality Index Reform	إصلاح مؤشر جودة الخدمة في السلطات
מדד שנתי פומבי לאיכות השירות בכל רשות.	A public annual index of service quality in every authority.	مؤشر سنوي علني لجودة الخدمة في كل سلطة.
חוק הרחבת סל הבריאות	Health Basket Expansion Law	قانون توسيع سلة الصحة
תוספת שנתית קבועה לסל התרופות והטכנולוגיות.	A fixed annual addition to the drugs and technologies basket.	إضافة سنوية ثابتة لسلة الأدوية والتقنيات.
חוק טיפולי שיניים עד גיל 21	Dental Care to Age 21 Law	قانون علاج الأسنان حتى سن 21
הרחבת טיפולי השיניים החינמיים לצעירים עד גיל 21.	Extends free dental care to young people up to age 21.	توسيع علاج الأسنان المجاني للشباب حتى سن 21.
חוק בריאות הנפש בזמן	Timely Mental Health Care Law	قانون الصحة النفسية في الوقت المحدد
טיפול נפשי תוך חודש בקופות החולים.	Mental health treatment within a month at the health funds.	علاج نفسي خلال شهر في صناديق المرضى.
חוק קיצור משמרות המתמחים	Shorter Residents' Shifts Law	قانون تقصير مناوبات الأطباء المتدربين
משמרות של 16 שעות לכל היותר לרופאים מתמחים.	A maximum of 16-hour shifts for medical residents.	مناوبات لا تزيد على 16 ساعة للأطباء المتدربين.
חוק זמני הגעה לאמבולנסים	Ambulance Response Time Law	قانون أزمنة وصول سيارات الإسعاف
תקן זמן הגעה מחייב לאמבולנס בכל יישוב.	A binding ambulance arrival time standard in every community.	معيار ملزم لزمن وصول سيارة الإسعاف في كل بلدة.
חוק הגבלת עישון ואידוי	Smoking and Vaping Restriction Law	قانون تقييد التدخين والسجائر الإلكترونية
איסור עישון ואידוי במרחבים ציבוריים פתוחים וליד ילדים.	Bans smoking and vaping in open public spaces and near children.	حظر التدخين والسجائر الإلكترونية في الأماكن العامة المفتوحة وقرب الأطفال.
חוק מס על משקאות ממותקים	Sugary Drinks Tax Law	قانون الضريبة على المشروبات المحلاة
מס על משקאות מתוקים ותיוג אדום למזון לא בריא.	A tax on sugary drinks and red labels for unhealthy food.	ضريبة على المشروبات المحلاة وملصق أحمر للأغذية غير الصحية.
חוק סיעוד בקהילה	Community Nursing Care Law	قانون التمريض في المجتمع
הגדלת שעות הסיעוד בבית לקשישים סיעודיים.	More home care hours for elderly nursing patients.	زيادة ساعات الرعاية المنزلية لكبار السن المحتاجين.
חוק מעקב היריון חינם	Free Pregnancy Care Law	قانون متابعة الحمل المجانية
כל בדיקות ההיריון ללא תשלום בכל הקופות.	All pregnancy tests free of charge at every health fund.	جميع فحوصات الحمل مجانًا في كل الصناديق.
חוק תמריצים לרופאים בפריפריה	Incentives for Periphery Doctors Law	قانون حوافز الأطباء في الأطراف
מענקים והטבות לרופאים ואחיות שעוברים לפריפריה.	Grants and benefits for doctors and nurses who move to the periphery.	منح وامتيازات للأطباء والممرضين الذين ينتقلون إلى الأطراف.
חוק עידוד חיסונים	Vaccination Encouragement Law	قانون تشجيع التطعيمات
קישור הטבות לחיסוני השגרה של ילדים.	Links benefits to routine childhood vaccinations.	ربط الامتيازات بتطعيمات الأطفال الروتينية.
חוק תקרת השתתפות עצמית	Copayment Cap Law	قانون سقف المشاركة الذاتية
תקרה חודשית לתשלומים על תרופות ושירותים.	A monthly ceiling on payments for medication and services.	سقف شهري للمدفوعات على الأدوية والخدمات.
חוק תזונה בריאה במוסדות חינוך	Healthy Nutrition in Schools Law	قانون التغذية الصحية في المؤسسات التعليمية
תפריט מזין והוצאת מזון מעובד מבתי הספר.	A nutritious menu and removal of processed food from schools.	قائمة غذائية مغذية وإزالة الأغذية المصنّعة من المدارس.
חוק בדיקות גנטיות לזוגות	Genetic Screening for Couples Law	قانون الفحوصات الجينية للأزواج
בדיקות גנטיות מורחבות חינם לפני היריון.	Expanded free genetic screening before pregnancy.	فحوصات جينية موسعة مجانًا قبل الحمل.
חוק הגנה על צוותים רפואיים	Medical Staff Protection Law	قانون حماية الطواقم الطبية
ענישה מחמירה על אלימות נגד רופאים ואחיות.	Harsher punishment for violence against doctors and nurses.	تشديد العقوبة على العنف ضد الأطباء والممرضين.
רפורמת מיטות האשפוז	Hospital Beds Reform	إصلاح أسرّة المستشفيات
תוספת 3,000 מיטות אשפוז וביטול האשפוז במסדרונות.	3,000 more hospital beds and an end to hallway hospitalization.	إضافة 3,000 سرير وإنهاء الاستشفاء في الممرات.
רפורמת קיצור התורים	Waiting Times Reform	إصلاح تقليص قوائم الانتظار
יעד של עד 30 יום לניתוח ולרופא מומחה.	A target of up to 30 days for surgery and specialist appointments.	هدف لا يتجاوز 30 يومًا للعمليات والأطباء المختصين.
רפורמת ביטול הרפואה הפרטית בבתי חולים ציבוריים	End of Private Medicine in Public Hospitals Reform	إصلاح إلغاء الطب الخاص في المستشفيات العامة
הפרדה מלאה בין רפואה פרטית לציבורית.	Full separation between private and public medicine.	فصل كامل بين الطب الخاص والعام.
רפורמת בריאות הנפש הלאומית	National Mental Health Reform	إصلاح الصحة النفسية الوطنية
העברת האחריות לקופות, מרפאות חדשות והכפלת המטפלים.	Responsibility moves to the health funds, new clinics and twice as many therapists.	نقل المسؤولية إلى الصناديق وعيادات جديدة ومضاعفة المعالجين.
רפורמת ביטוח הסיעוד הממלכתי	Public Long-Term Care Insurance Reform	إصلاح التأمين التمريضي الحكومي
ביטוח סיעודי ציבורי לכל אזרח במקום ביטוח פרטי.	Public long-term care insurance for every citizen instead of private policies.	تأمين تمريضي عام لكل مواطن بدل التأمين الخاص.
רפורמת בית חולים בכל אזור	A Hospital in Every Region Reform	إصلاح مستشفى في كل منطقة
בתי חולים חדשים בגליל ובנגב ושדרוג הקיימים.	New hospitals in the Galilee and the Negev and upgrades to existing ones.	مستشفيات جديدة في الجليل والنقب وتحديث القائمة.
רפורמת הרפואה הדיגיטלית	Digital Health Reform	إصلاح الطب الرقمي
תיק רפואי אחד לכל אזרח ורפואה מרחוק בכל הקופות.	One medical record per citizen and telemedicine in every health fund.	ملف طبي واحد لكل مواطن وطب عن بعد في جميع الصناديق.
רפורמת כוח האדם ברפואה	Medical Workforce Reform	إصلاح القوى العاملة الطبية
הכפלת מקומות הלימוד לרפואה וסיעוד ושכר תחרותי.	Double the places in medical and nursing schools and competitive pay.	مضاعفة مقاعد دراسة الطب والتمريض ورواتب تنافسية.
רפורמת מבנה קופות החולים	Health Funds Structure Reform	إصلاح بنية صناديق المرضى
תחרות בין הקופות לפי מדדי איכות וחופש מעבר מלא.	Competition between health funds based on quality metrics and full freedom to switch.	منافسة بين الصناديق حسب مؤشرات الجودة وحرية انتقال كاملة.
רפורמת מחקר רפואי לאומי	National Medical Research Reform	إصلاح البحث الطبي الوطني
קרן לאומית למחקר קליני ופיתוח תרופות.	A national fund for clinical research and drug development.	صندوق وطني للأبحاث السريرية وتطوير الأدوية.
רפורמת רפואה דחופה	Emergency Medicine Reform	إصلاح الطب الطارئ
מוקדים דחופים בקהילה פתוחים 24 שעות להורדת העומס.	24-hour urgent care centers in the community to ease the load.	مراكز طوارئ مجتمعية مفتوحة 24 ساعة لتخفيف الضغط.
רפורמת רפואה מונעת	Preventive Medicine Reform	إصلاح الطب الوقائي
בדיקות סקר שנתיות חינם וקמפיינים לאורח חיים בריא.	Free annual screenings and healthy lifestyle campaigns.	فحوصات سنوية مجانية وحملات لنمط حياة صحي.
רפורמת יבוא תרופות מקביל	Parallel Drug Import Reform	إصلاح الاستيراد الموازي للأدوية
יבוא תרופות ממדינות מפותחות להוזלת המחירים.	Imports medicines from developed countries to lower prices.	استيراد الأدوية من الدول المتقدمة لخفض الأسعار.
רפורמת שירותים לאנשים עם מוגבלות	Disability Services Reform	إصلاح خدمات ذوي الإعاقة
סל שירותים אישי לכל אדם עם מוגבלות לפי צרכיו.	A personal service package for every person with a disability according to need.	سلة خدمات شخصية لكل شخص ذي إعاقة حسب احتياجاته.
רפורמת תיירות מרפא מוסדרת	Regulated Medical Tourism Reform	إصلاح السياحة العلاجية المنظمة
הסדרת תיירות מרפא והשקעת הרווחים במערכת הציבורית.	Regulates medical tourism and reinvests profits in the public system.	تنظيم السياحة العلاجية واستثمار الأرباح في المنظومة العامة.
חוק שכר מורים מתחילים	New Teachers' Pay Law	قانون رواتب المعلمين الجدد
העלאת שכר המורים המתחילים לכדי שכר ממוצע במשק.	Raises starting teacher pay to the national average wage.	رفع رواتب المعلمين المبتدئين إلى متوسط الأجر في الاقتصاد.
חוק גני ילדים מגיל שנתיים	Free Preschool from Age Two Law	قانون رياض الأطفال من سن سنتين
חינוך חינם מגיל שנתיים במסגרות מפוקחות.	Free education from age two in supervised settings.	تعليم مجاني من سن سنتين في أطر خاضعة للرقابة.
חוק הקטנת הכיתות	Smaller Classes Law	قانون تقليص عدد الطلاب في الصفوف
עד 30 תלמידים בכיתה בבתי הספר היסודיים.	Up to 30 pupils per class in elementary schools.	حتى 30 طالبًا في الصف في المدارس الابتدائية.
חוק בית הספר של החופש הגדול	Summer School Program Law	قانون مدرسة العطلة الصيفية
מסגרות קיץ מסובסדות לכל תלמידי היסודי.	Subsidized summer programs for all elementary pupils.	أطر صيفية مدعومة لجميع طلاب المرحلة الابتدائية.
חוק הגבלת טלפונים בבתי ספר	School Phone Ban Law	قانون حظر الهواتف في المدارس
איסור שימוש בטלפון במהלך יום הלימודים.	Bans phone use during the school day.	حظر استخدام الهاتف خلال اليوم الدراسي.
חוק לימודי ליבה במוסדות הממומנים	Core Curriculum in Funded Schools Law	قانون المواد الأساسية في المؤسسات الممولة
מימון מותנה בלימוד מתמטיקה, אנגלית ומדעים.	Funding conditional on teaching math, English and science.	تمويل مشروط بتدريس الرياضيات والإنجليزية والعلوم.
חוק ארוחה חמה לכל תלמיד	Hot Meal for Every Pupil Law	قانون وجبة ساخنة لكل طالب
ארוחת צהריים חמה בכל בית ספר יסודי.	A hot lunch in every elementary school.	وجبة غداء ساخنة في كل مدرسة ابتدائية.
חוק המאבק בבריונות	Anti-Bullying Law	قانون مكافحة التنمر
תוכנית חובה למניעת בריונות ויועץ בכל בית ספר.	A mandatory anti-bullying program and a counselor in every school.	برنامج إلزامي لمنع التنمر ومستشار في كل مدرسة.
חוק שילוב תלמידים עם צרכים מיוחדים	Special Needs Inclusion Law	قانون دمج الطلاب ذوي الاحتياجات الخاصة
סייעות, הנגשה ותקציב אישי לכל תלמיד משולב.	Aides, accessibility and a personal budget for every included pupil.	مساعدون وإتاحة وميزانية شخصية لكل طالب مدمج.
חוק חינוך לאמנויות	Arts Education Law	قانون التعليم الفني
שעות חובה של מוזיקה, אמנות ותיאטרון.	Mandatory hours of music, art and theater.	ساعات إلزامية للموسيقى والفن والمسرح.
חוק לימודי מורשת וזהות	Heritage and Identity Studies Law	قانون دراسات التراث والهوية
תוכנית לימודים ביהדות, ציונות ואזרחות.	A curriculum in Judaism, Zionism and civics.	منهج في اليهودية والصهيونية والمدنيات.
חוק לימוד ערבית בבתי הספר	Arabic in Schools Law	قانون تعليم العربية في المدارس
לימוד ערבית מדוברת מכיתה ג׳.	Spoken Arabic taught from third grade.	تعليم العربية المحكية من الصف الثالث.
חוק חינוך טכנולוגי מקצועי	Vocational Technology Education Law	قانون التعليم التكنولوجي المهني
מגמות מקצועיות בשיתוף התעשייה בכל עיר.	Vocational tracks in partnership with industry in every city.	مسارات مهنية بالشراكة مع الصناعة في كل مدينة.
חוק הסעות תלמידים	Student Transportation Law	قانون مواصلات الطلاب
הסעות חינם לתלמידים בפריפריה ובאזורים כפריים.	Free transport for pupils in the periphery and rural areas.	مواصلات مجانية للطلاب في الأطراف والمناطق الريفية.
חוק אוטונומיה למנהלים	Principal Autonomy Law	قانون استقلالية المديرين
יותר סמכויות למנהלים בתקציב, בגיוס ובתוכנית הלימודים.	More authority for principals over budgets, hiring and curriculum.	صلاحيات أكبر للمديرين في الميزانية والتوظيف والمنهج.
רפורמת יום לימודים ארוך	Long School Day Reform	إصلاح اليوم الدراسي الطويل
יום לימודים עד 16:00 עם העשרה, בכל הארץ.	A school day until 4 PM with enrichment, nationwide.	يوم دراسي حتى الساعة 16:00 مع إثراء في كل البلاد.
רפורמת "מורים מצוינים"	"Excellent Teachers" Reform	إصلاح "معلمون متميزون"
שכר לפי הצלחה, הכשרה מחודשת ומשיכת אקדמאים מצטיינים.	Performance-based pay, retraining and recruitment of top graduates.	أجر حسب النجاح وإعادة تأهيل وجذب الخريجين المتفوقين.
רפורמת הבגרויות	Matriculation Exams Reform	إصلاح امتحانات البجروت
מעבר להערכה חלופית ופרויקטים במקום רוב הבחינות.	Shifts to alternative assessment and projects instead of most exams.	الانتقال إلى التقييم البديل والمشاريع بدل معظم الامتحانات.
רפורמת הליבה בחינוך החרדי	Core Studies in Haredi Education Reform	إصلاح المواد الأساسية في التعليم الحريدي
תמריצים ומימון מלא למוסדות חרדיים שמלמדים ליבה מלאה.	Incentives and full funding for Haredi schools that teach the full core.	حوافز وتمويل كامل للمؤسسات الحريدية التي تدرّس المواد الأساسية كاملة.
רפורמת החינוך הדיגיטלי	Digital Education Reform	إصلاح التعليم الرقمي
מחשב לכל תלמיד, תוכן דיגיטלי ותוכנית לימודי בינה מלאכותית.	A computer for every pupil, digital content and an AI curriculum.	حاسوب لكل طالب ومحتوى رقمي ومنهج للذكاء الاصطناعي.
רפורמת צמצום הפערים בחינוך	Education Gaps Reform	إصلاح تقليص الفجوات في التعليم
תקצוב דיפרנציאלי מלא לפי מצב סוציו-אקונומי.	Full differential funding by socioeconomic status.	تمويل تفاضلي كامل حسب الوضع الاجتماعي والاقتصادي.
רפורמת מעונות היום לכולם	Daycare for All Reform	إصلاح الحضانات للجميع
העברת המעונות למשרד החינוך ופיקוח מגיל לידה.	Moves daycare to the Education Ministry with supervision from birth.	نقل الحضانات إلى وزارة التعليم مع رقابة منذ الولادة.
רפורמת ביזור משרד החינוך	Education Ministry Decentralization Reform	إصلاح لامركزية وزارة التعليم
העברת סמכויות לרשויות ולמנהלים והקטנת המטה.	Transfers powers to authorities and principals and shrinks headquarters.	نقل الصلاحيات إلى السلطات والمديرين وتقليص المقر.
רפורמת בריאות נפשית בבתי הספר	School Mental Health Reform	إصلاح الصحة النفسية في المدارس
פסיכולוג ויועץ בכל בית ספר ותוכנית חוסן.	A psychologist and counselor in every school and a resilience program.	أخصائي نفسي ومستشار في كل مدرسة وبرنامج مناعة نفسية.
רפורמת המדע והמתמטיקה	Science and Math Reform	إصلاح العلوم والرياضيات
הכפלת מספר התלמידים ב-5 יחידות מתמטיקה ומדעים.	Doubles the number of pupils in advanced math and science.	مضاعفة عدد الطلاب في الرياضيات والعلوم المتقدمة.
רפורמת אנגלית מדוברת	Spoken English Reform	إصلاح الإنجليزية المحكية
אנגלית מגן חובה ומורים דוברי אנגלית.	English from kindergarten and English-speaking teachers.	الإنجليزية من الروضة ومعلمون ناطقون بالإنجليزية.
רפורמת בינוי בתי ספר	School Construction Reform	إصلاح بناء المدارس
בניית 1,000 כיתות חדשות ושיפוץ המבנים הישנים.	Builds 1,000 new classrooms and renovates old buildings.	بناء 1,000 صف جديد وترميم المباني القديمة.
רפורמת השכלה גבוהה נגישה	Accessible Higher Education Reform	إصلاح التعليم العالي المتاح
הוזלת שכר הלימוד ומלגות לפי מצב כלכלי.	Lower tuition and means-tested scholarships.	خفض الرسوم الجامعية ومنح حسب الوضع الاقتصادي.
רפורמת חינוך לערכים	Values Education Reform	إصلاح التعليم للقيم
תוכנית מעורבות חברתית חובה בתיכון.	A mandatory community involvement program in high school.	برنامج مشاركة مجتمعية إلزامي في المدرسة الثانوية.
רפורמת הקריאה הלאומית	National Reading Reform	إصلاح القراءة الوطني
יעד: כל תלמיד קורא היטב עד סוף כיתה ב׳, עם מורות ייעודיות.	Goal: every pupil reads well by the end of second grade, with dedicated teachers.	الهدف: كل طالب يقرأ جيدًا حتى نهاية الصف الثاني، مع معلمات مختصات.
חוק תחבורה ציבורית חינם לבני נוער	Free Public Transport for Teens Law	قانون المواصلات العامة المجانية للمراهقين
נסיעות חינם באוטובוסים ורכבות לבני נוער עד גיל 18.	Free bus and train rides for teenagers up to age 18.	رحلات مجانية بالحافلات والقطارات للمراهقين حتى سن 18.
חוק תחבורה ציבורית בסופי שבוע	Weekend Public Transport Law	قانون المواصلات العامة في عطلة نهاية الأسبوع
קווים מוגבלים בשבת ובחגים בערים שמבקשות זאת.	Limited lines on Shabbat and holidays in cities that request it.	خطوط محدودة يوم السبت والأعياد في المدن التي تطلب ذلك.
חוק שבילי אופניים	Bike Lanes Law	قانون مسارات الدراجات
רשת שבילי אופניים רציפה בכל עיר מעל 50 אלף תושבים.	A continuous bike lane network in every city above 50,000 residents.	شبكة مسارات دراجات متصلة في كل مدينة يزيد سكانها على 50 ألفًا.
חוק בטיחות בדרכים בצמתים	Junction Road Safety Law	قانون السلامة على الطرق في التقاطعات
שדרוג 200 הצמתים המסוכנים ביותר.	Upgrades the 200 most dangerous junctions.	تحديث 200 تقاطع هي الأخطر.
חוק הסדרת קורקינטים חשמליים	Electric Scooter Regulation Law	قانون تنظيم السكوترات الكهربائية
קסדה חובה, רישוי וגיל מינימום לרוכבים.	Mandatory helmets, licensing and a minimum age for riders.	خوذة إلزامية وترخيص وحد أدنى للعمر.
חוק פתיחת שוק המוניות	Taxi Market Opening Law	قانون فتح سوق سيارات الأجرة
כניסת שירותי שיתוף נסיעות ומחירים תחרותיים.	Lets ride-sharing services in and allows competitive pricing.	دخول خدمات مشاركة الرحلات وأسعار تنافسية.
חוק חניונים ליד תחנות רכבת	Station Park-and-Ride Law	قانون مواقف السيارات قرب محطات القطار
חניונים חינם ליד כל תחנת רכבת.	Free parking lots next to every train station.	مواقف مجانية بجوار كل محطة قطار.
חוק הגבלת משאיות בשעות העומס	Rush Hour Truck Restriction Law	قانون تقييد الشاحنات في ساعات الذروة
איסור תנועת משאיות כבדות בכבישים הראשיים בשעות השיא.	Bans heavy trucks on main roads at peak hours.	حظر حركة الشاحنات الثقيلة على الطرق الرئيسية في ساعات الذروة.
חוק נגישות בתחבורה הציבורית	Public Transport Accessibility Law	قانون الإتاحة في المواصلات العامة
כל האוטובוסים והתחנות נגישים תוך חמש שנים.	All buses and stops accessible within five years.	جميع الحافلات والمحطات متاحة خلال خمس سنوات.
חוק תנאי נהגי האוטובוס	Bus Drivers' Conditions Law	قانون ظروف سائقي الحافلات
שכר מינימום מוגדל, חדרי מנוחה והגנה מאלימות.	Higher minimum pay, rest rooms and protection from violence.	حد أدنى أعلى للأجر وغرف استراحة وحماية من العنف.
חוק הוזלת ביטוח רכב לנהגים צעירים	Cheaper Car Insurance for Young Drivers Law	قانون تخفيض تأمين السيارات للسائقين الشباب
הנחות לנהגים צעירים שעוברים קורס נהיגה מתקדם.	Discounts for young drivers who complete an advanced driving course.	خصومات للسائقين الشباب الذين يجتازون دورة قيادة متقدمة.
חוק מצלמות מהירות	Speed Cameras Law	قانون كاميرات السرعة
מצלמות מהירות בכל הכבישים הבין-עירוניים.	Speed cameras on every intercity road.	كاميرات سرعة على جميع الطرق بين المدن.
חוק כרטיס תחבורה אחד	One Transit Card Law	قانون بطاقة مواصلات واحدة
תשלום אחד לכל אמצעי התחבורה בכל הארץ.	One payment for every means of transport across the country.	دفع واحد لجميع وسائل النقل في كل البلاد.
חוק אזורי 30 קמ״ש ליד בתי ספר	30 km/h School Zones Law	قانون مناطق 30 كم/س قرب المدارس
הגבלת מהירות ומעברי חצייה מוגבהים.	Speed limits and raised crosswalks near schools.	تحديد السرعة وممرات مشاة مرتفعة قرب المدارس.
חוק נתיבים מהירים בתשלום	Express Toll Lanes Law	قانون المسارات السريعة بالدفع
נתיב אגרה בכניסות לערים הגדולות.	Toll lanes at the entrances to major cities.	مسار برسوم عند مداخل المدن الكبرى.
רפורמת המטרו של גוש דן	Gush Dan Metro Reform	إصلاح مترو غوش دان
הקמת שלושה קווי מטרו בגוש דן.	Builds three metro lines in Gush Dan.	إنشاء ثلاثة خطوط مترو في غوش دان.
רפורמת רכבת לכל עיר	A Train to Every City Reform	إصلاح قطار لكل مدينة
הרחבת מסילות הרכבת לקריית שמונה, אילת ולכל עיר גדולה.	Extends rail lines to Kiryat Shmona, Eilat and every major city.	تمديد خطوط السكك الحديدية إلى كريات شمونة وإيلات وكل مدينة كبيرة.
רפורמת התחבורה הציבורית התדירה	Frequent Public Transport Reform	إصلاح المواصلات العامة المتكررة
אוטובוס כל 10 דקות בקווים הראשיים ונתיבי תחבורה ציבורית.	A bus every 10 minutes on main lines and dedicated lanes.	حافلة كل 10 دقائق في الخطوط الرئيسية ومسارات مخصصة.
רפורמת אגרת הגודש	Congestion Charge Reform	إصلاح رسوم الازدحام
תשלום על כניסה ברכב פרטי לתל אביב והשקעה בתחבורה ציבורית.	A charge for driving into Tel Aviv, invested in public transport.	رسوم على الدخول بسيارة خاصة إلى تل أبيب واستثمارها في المواصلات العامة.
רפורמת רשויות תחבורה מטרופוליניות	Metropolitan Transport Authorities Reform	إصلاح سلطات النقل في المدن الكبرى
רשות תחבורה אחת לכל מטרופולין עם תקציב משלה.	One transport authority per metropolitan area with its own budget.	سلطة نقل واحدة لكل منطقة حضرية بميزانية خاصة.
רפורמת אוטובוסים חשמליים	Electric Buses Reform	إصلاح الحافلات الكهربائية
מעבר מלא לאוטובוסים חשמליים עד 2035.	Full transition to electric buses by 2035.	انتقال كامل إلى الحافلات الكهربائية حتى عام 2035.
רפורמת הכבישים הלאומיים	National Roads Reform	إصلاح الطرق الوطنية
הרחבת כבישים ראשיים ומחלפים בצפון ובדרום.	Widens main roads and interchanges in the north and south.	توسيع الطرق الرئيسية والتقاطعات في الشمال والجنوب.
רפורמת הנמלים והלוגיסטיקה	Ports and Logistics Reform	إصلاح الموانئ واللوجستيات
תחרות בנמלים, נמל יבש וקיצור זמני פריקה.	Port competition, a dry port and shorter unloading times.	منافسة في الموانئ وميناء جاف وتقليص أزمنة التفريغ.
רפורמת שדה תעופה בינלאומי שני	Second International Airport Reform	إصلاح مطار دولي ثانٍ
הקמת שדה תעופה בינלאומי נוסף.	Builds an additional international airport.	إنشاء مطار دولي إضافي.
רפורמת "אפס הרוגים בכבישים"	"Vision Zero" Road Safety Reform	إصلاح "صفر قتلى على الطرق"
תוכנית לאומית: תשתית, אכיפה וחינוך להפחתת תאונות קטלניות.	A national program of infrastructure, enforcement and education to cut fatal crashes.	برنامج وطني للبنية التحتية والإنفاذ والتوعية لتقليل الحوادث المميتة.
רפורמת רכבות קלות בערים	City Light Rail Reform	إصلاح القطارات الخفيفة في المدن
רכבת קלה בירושלים, חיפה, באר שבע ונצרת.	Light rail in Jerusalem, Haifa, Beersheba and Nazareth.	قطار خفيف في القدس وحيفا وبئر السبع والناصرة.
רפורמת תחבורה ציבורית ביישובים הערביים	Arab Towns Public Transport Reform	إصلاح المواصلات العامة في البلدات العربية
קווים ותחנות ביישובים הערביים ברמה זהה לשאר הארץ.	Lines and stops in Arab towns at the same level as the rest of the country.	خطوط ومحطات في البلدات العربية بنفس مستوى بقية البلاد.
רפורמת רכבים אוטונומיים	Autonomous Vehicles Reform	إصلاح المركبات ذاتية القيادة
הסדרה ופיילוטים לתחבורה ציבורית אוטונומית.	Regulation and pilots for autonomous public transport.	تنظيم وتجارب للمواصلات العامة ذاتية القيادة.
רפורמת עבודה מרחוק להפחתת עומסים	Remote Work to Cut Congestion Reform	إصلاح العمل عن بعد لتخفيف الازدحام
תמריצים למעסיקים שמאפשרים עבודה מרחוק יומיים בשבוע.	Incentives for employers who allow two days a week of remote work.	حوافز لأصحاب العمل الذين يتيحون العمل عن بعد يومين في الأسبوع.
רפורמת נמל אילת והקשר לאסיה	Eilat Port and Asia Link Reform	إصلاح ميناء إيلات والارتباط بآسيا
שדרוג נמל אילת ומסילה לחיבורו למרכז.	Upgrades Eilat port and a rail link to the center.	تحديث ميناء إيلات وسكة حديد لربطه بالمركز.
חוק שקיפות מחירים בסופרמרקטים	Supermarket Price Transparency Law	قانون شفافية الأسعار في المتاجر الكبرى
פרסום מחירים מקוון והשוואה בין רשתות.	Online price publication and comparison between chains.	نشر الأسعار إلكترونيًا والمقارنة بين السلاسل.
חוק "מה שטוב לאירופה טוב לישמעאל"	"What's Good for Europe Is Good for Yishmael" Law	قانون "ما هو جيد لأوروبا جيد ليشمعيل"
אימוץ תקני אירופה ליבוא ללא בדיקות כפולות.	Adopts European import standards without duplicate testing.	اعتماد المعايير الأوروبية للاستيراد دون فحوصات مزدوجة.
חוק תשלום לספקים תוך 30 יום	Supplier Payment in 30 Days Law	قانون الدفع للموردين خلال 30 يومًا
חובה על גופים גדולים לשלם לעסקים קטנים בזמן.	Large bodies must pay small businesses on time.	إلزام الجهات الكبيرة بالدفع للأعمال الصغيرة في الوقت المحدد.
חוק ביטול עסקה מקוונת	Online Purchase Cancellation Law	قانون إلغاء الصفقات الإلكترونية
זכות ביטול מורחבת וחובת החזר מהיר בקניות ברשת.	Wider cancellation rights and fast refunds for online purchases.	حق إلغاء موسع وإلزام بالاسترداد السريع في المشتريات عبر الإنترنت.
חוק עידוד מפעלים בפריפריה	Periphery Factories Incentive Law	قانون تشجيع المصانع في الأطراف
מענקי השקעה והטבות מס למפעלים בצפון ובדרום.	Investment grants and tax benefits for factories in the north and south.	منح استثمار وامتيازات ضريبية للمصانع في الشمال والجنوب.
חוק מענה אנושי במוקדים	Human Answer in Call Centers Law	قانون الرد البشري في مراكز الخدمة
חובת מענה אנושי תוך 3 דקות במוקדי שירות.	A human must answer within 3 minutes at service centers.	إلزام الرد البشري خلال 3 دقائق في مراكز الخدمة.
חוק הפחתת רגולציה לעסקים	Business Deregulation Law	قانون تقليل التنظيم للأعمال
ביטול רישיונות מיותרים ורישוי עצמי לעסקים קטנים.	Cancels unnecessary licenses and allows self-licensing for small businesses.	إلغاء التراخيص غير الضرورية والترخيص الذاتي للأعمال الصغيرة.
חוק הלוואות בערבות מדינה לעסקים קטנים	State-Guaranteed Small Business Loans Law	قانون قروض بضمان الدولة للأعمال الصغيرة
קרן ערבות מורחבת בריבית נמוכה.	An expanded guarantee fund at low interest.	صندوق ضمانات موسّع بفائدة منخفضة.
חוק הזכות לתקן	Right to Repair Law	قانون الحق في الإصلاح
חובת אספקת חלקי חילוף ומידע לתיקון מוצרים.	Mandatory spare parts and repair information for products.	إلزام توفير قطع الغيار ومعلومات الإصلاح للمنتجات.
חוק הורדת מכסים על מזון	Food Tariff Reduction Law	قانون خفض الرسوم الجمركية على الغذاء
הפחתת מכסים על מוצרי חלב, בשר וביצים.	Lowers tariffs on dairy, meat and eggs.	خفض الرسوم على منتجات الألبان واللحوم والبيض.
חוק אחריות למוצרים פגומים	Defective Products Warranty Law	قانون الضمان على المنتجات المعيبة
אחריות מינימלית של שנתיים לכל מוצר חשמלי.	A minimum two-year warranty on every electrical product.	ضمان لا يقل عن سنتين لكل منتج كهربائي.
חוק תמיכה ביזמות נשים	Women's Entrepreneurship Law	قانون دعم ريادة الأعمال النسائية
מסלולי מימון וליווי לעסקים בבעלות נשים.	Funding and mentoring tracks for women-owned businesses.	مسارات تمويل ومرافقة للأعمال المملوكة لنساء.
חוק עידוד הייצוא	Export Promotion Law	قانون تشجيع التصدير
ביטוח ייצוא ממשלתי ומימון השתתפות בתערוכות.	State export insurance and funding for trade fairs.	تأمين تصدير حكومي وتمويل المشاركة في المعارض.
חוק פתיחת מסחר בשבת באזורי תיירות	Shabbat Trading in Tourist Zones Law	قانون فتح التجارة يوم السبت في المناطق السياحية
היתר לפתיחת חנויות בשבת באזורי תיירות מוגדרים.	Allows shops to open on Shabbat in designated tourist zones.	السماح بفتح المتاجر يوم السبت في مناطق سياحية محددة.
חוק ביטול מנויים בקליק	One-Click Subscription Cancellation Law	قانون إلغاء الاشتراكات بنقرة
ביטול כל מנוי באותה דרך שבה נרשמת.	Cancel any subscription the same way you signed up.	إلغاء أي اشتراك بنفس الطريقة التي سجلت بها.
רפורמת הריכוזיות	Concentration Reform	إصلاح المركزية
פירוק מונופולים במזון ובצריכה ואכיפה נגד קרטלים.	Breaks up food and consumer monopolies and enforces against cartels.	تفكيك الاحتكارات في الغذاء والاستهلاك وإنفاذ ضد الكارتلات.
רפורמת התעשייה המתקדמת	Advanced Manufacturing Reform	إصلاح الصناعة المتقدمة
קרן לאוטומציה ולשדרוג מפעלים מסורתיים.	A fund for automation and upgrading traditional factories.	صندوق للأتمتة وتحديث المصانع التقليدية.
רפורמת יוקר המחיה	Cost of Living Reform	إصلاح غلاء المعيشة
פתיחה ליבוא, ביטול מכסים והגברת התחרות בכל הענפים.	Opens imports, cancels tariffs and boosts competition in every sector.	فتح الاستيراد وإلغاء الرسوم وتعزيز المنافسة في جميع القطاعات.
רפורמת "עסק קטן בקלות"	"Small Business Made Easy" Reform	إصلاح "عمل صغير بسهولة"
רישוי מקוון ביום אחד ומס פשוט לעסקים קטנים.	One-day online licensing and simple tax for small businesses.	ترخيص إلكتروني في يوم واحد وضريبة بسيطة للأعمال الصغيرة.
רפורמת משיכת השקעות זרות	Foreign Investment Attraction Reform	إصلاح جذب الاستثمارات الأجنبية
רשות השקעות לאומית עם מסלול ירוק למשקיעים.	A national investment authority with a green track for investors.	هيئة استثمار وطنية مع مسار أخضر للمستثمرين.
רפורמת הגנת הצרכן החזקה	Strong Consumer Protection Reform	إصلاح حماية المستهلك القوية
רשות הגנת הצרכן עם סמכויות קנס משמעותיות.	A consumer protection authority with significant fining powers.	هيئة حماية المستهلك بصلاحيات غرامات كبيرة.
רפורמת ההכשרה לתעשייה	Industry Training Reform	إصلاح التأهيل للصناعة
הכשרה ממומנת לעובדים בענפים שעוברים אוטומציה.	Funded training for workers in sectors undergoing automation.	تأهيل ممول للعاملين في القطاعات التي تمر بالأتمتة.
רפורמת אזורי תעשייה משותפים	Shared Industrial Zones Reform	إصلاح المناطق الصناعية المشتركة
אזורי תעשייה אזוריים בשיתוף יישובים יהודים וערבים.	Regional industrial zones shared by Jewish and Arab communities.	مناطق صناعية إقليمية مشتركة بين بلدات يهودية وعربية.
רפורמת המסחר המקוון	Online Commerce Reform	إصلاح التجارة الإلكترونية
העלאת הפטור ממע״מ ביבוא אישי ופתיחת השוק.	Raises the VAT exemption on personal imports and opens the market.	رفع الإعفاء من ضريبة القيمة المضافة على الاستيراد الشخصي وفتح السوق.
רפורמת הרגולציה החכמה	Smart Regulation Reform	إصلاح التنظيم الذكي
בדיקת עלות-תועלת חובה לכל רגולציה חדשה.	Mandatory cost-benefit review for every new regulation.	مراجعة إلزامية للتكلفة والفائدة لكل تنظيم جديد.
רפורמת הכלכלה הירוקה	Green Economy Reform	إصلاح الاقتصاد الأخضر
תמריצים לתעשייה נקייה ולמחזור.	Incentives for clean industry and recycling.	حوافز للصناعة النظيفة وإعادة التدوير.
רפורמת מימון עסקים צעירים	Young Business Financing Reform	إصلاح تمويل الأعمال الناشئة
קרן הון סיכון ממשלתית לעסקים בשלבים מוקדמים.	A state venture fund for early-stage businesses.	صندوق رأس مال مخاطر حكومي للأعمال في مراحلها الأولى.
רפורמת שילוב החברה הערבית בכלכלה	Arab Economic Integration Reform	إصلاح دمج المجتمع العربي في الاقتصاد
מעונות יום, הכשרות ואזורי תעסוקה ליד היישובים.	Daycare, training and employment zones near Arab towns.	حضانات وتأهيل ومناطق تشغيل قرب البلدات العربية.
רפורמת שילוב חרדים בתעסוקה	Haredi Employment Integration Reform	إصلاح دمج الحريديم في سوق العمل
מסלולי הכשרה מותאמים ותמריצים למעסיקים.	Tailored training tracks and incentives for employers.	مسارات تأهيل ملائمة وحوافز لأصحاب العمل.
רפורמת ביטול הבלעדיות ביבוא	Exclusive Import Abolition Reform	إصلاح إلغاء حصرية الاستيراد
פתיחת היבוא הרשמי למתחרים בכל המותגים.	Opens official imports of every brand to competitors.	فتح الاستيراد الرسمي لجميع العلامات التجارية أمام المنافسين.
חוק דירה בהנחה לזוגות צעירים	Discounted Homes for Young Couples Law	قانون شقة مخفضة للأزواج الشباب
הגרלות דירה בהנחה של 20% לזוגות צעירים.	Lotteries for 20%-discounted homes for young couples.	قرعات لشقق بخصم 20% للأزواج الشباب.
חוק דיור להשכרה ארוכת טווח	Long-Term Rental Housing Law	قانون السكن للإيجار طويل الأمد
חובת 25% דירות להשכרה ארוכה בכל פרויקט על קרקע מדינה.	25% long-term rental units in every project on state land.	إلزام 25% شقق للإيجار الطويل في كل مشروع على أراضي الدولة.
חוק קיצור זמן מסירת דירות	Faster Home Delivery Law	قانون تقصير مدة تسليم الشقق
פיצוי מוגדל לקונים על איחור במסירה.	Higher compensation for buyers when delivery is late.	تعويض أكبر للمشترين عند التأخر في التسليم.
חוק שיפוץ הדיור הציבורי	Public Housing Renovation Law	قانون ترميم السكن العام
שיפוץ כל דירות הדיור הציבורי שזקוקות לכך.	Renovates all public housing units that need it.	ترميم جميع شقق السكن العام التي تحتاج ذلك.
חוק דיור מוגן ציבורי	Public Assisted Living Law	قانون السكن المحمي العام
הקמת דיור מוגן בפיקוח ובמחיר נגיש.	Builds supervised assisted living at affordable prices.	إنشاء سكن محمي خاضع للرقابة بسعر معقول.
חוק דירות קטנות במרכז	Small Apartments in the Center Law	قانون الشقق الصغيرة في المركز
היתר לדירות של עד 45 מ״ר בערים הגדולות.	Allows apartments of up to 45 m² in big cities.	السماح بشقق حتى 45 مترًا مربعًا في المدن الكبرى.
חוק פיקוח על ליקויי בנייה	Construction Defects Oversight Law	قانون الرقابة على عيوب البناء
תקופת בדק מורחבת וחובת תיקון מהירה של ליקויים.	A longer inspection period and fast mandatory repair of defects.	فترة فحص موسّعة وإلزام بالإصلاح السريع للعيوب.
חוק בטיחות באתרי בנייה	Construction Site Safety Law	قانون السلامة في مواقع البناء
פיקוח מוגבר וקנסות כבדים על אתרים מסוכנים.	Stronger oversight and heavy fines for dangerous sites.	رقابة مشددة وغرامات كبيرة على المواقع الخطرة.
חוק מבני ציבור בשכונות חדשות	Public Buildings in New Neighborhoods Law	قانون المباني العامة في الأحياء الجديدة
גן, בית ספר ומרפאה לפני אכלוס השכונה.	A kindergarten, school and clinic before residents move in.	روضة ومدرسة وعيادة قبل إسكان الحي.
חוק הגדלת סיוע בשכר דירה	Rent Assistance Increase Law	قانون زيادة المساعدة في الإيجار
הגדלת המענק לשכר דירה לזכאים.	Higher rent assistance for eligible households.	زيادة منحة الإيجار للمستحقين.
חוק הקלות לתוספות בנייה	Home Extension Relief Law	قانون تسهيلات توسيع البناء
היתר מהיר להרחבת דירות ולתוספת קומה.	Fast permits to expand apartments and add a floor.	ترخيص سريع لتوسيع الشقق وإضافة طابق.
חוק בנייה ירוקה	Green Building Law	قانون البناء الأخضر
תקן בנייה ירוקה חובה בכל בניין חדש.	A mandatory green building standard for every new building.	معيار بناء أخضر إلزامي لكل مبنى جديد.
חוק נגישות בבנייני מגורים	Residential Accessibility Law	قانون الإتاحة في المباني السكنية
מעלית ונגישות חובה בכל בניין מעל ארבע קומות.	Mandatory elevator and accessibility in every building above four floors.	مصعد وإتاحة إلزامية في كل مبنى يزيد على أربعة طوابق.
חוק רישום מהיר בטאבו	Fast Land Registry Law	قانون التسجيل السريع في الطابو
רישום זכויות תוך שנה מסיום הבנייה.	Ownership registered within a year of completion.	تسجيل الحقوق خلال سنة من انتهاء البناء.
חוק בטיחות אש בבניינים ישנים	Fire Safety in Old Buildings Law	قانون السلامة من الحرائق في المباني القديمة
חובת גלאים ויציאות חירום בבניינים ישנים.	Mandatory detectors and emergency exits in old buildings.	إلزام أجهزة الكشف ومخارج الطوارئ في المباني القديمة.
רפורמת מיליון דירות	One Million Homes Reform	إصلاح مليون شقة
תוכנית לבניית מיליון דירות בעשור, עם תשתיות.	A plan to build a million homes in a decade, with infrastructure.	خطة لبناء مليون شقة خلال عقد، مع البنية التحتية.
רפורמת דיור בר-השגה	Affordable Housing Reform	إصلاح السكن الميسور
30% דיור בר-השגה בכל פרויקט חדש.	30% affordable housing in every new project.	30% سكن ميسور في كل مشروع جديد.
רפורמת רשות מקרקעי ישמעאל	Land Authority Reform	إصلاح سلطة أراضي يشمعيل
שיווק קרקעות מואץ ופירוק המונופול על הקרקע.	Faster land marketing and breaking the monopoly on land.	تسويق أسرع للأراضي وتفكيك الاحتكار على الأرض.
רפורמת הדיור הציבורי	Public Housing Reform	إصلاح السكن العام
בניית 20 אלף דירות ציבוריות חדשות.	Builds 20,000 new public housing units.	بناء 20 ألف شقة سكن عام جديدة.
רפורמת השכירות ההוגנת	Fair Rent Reform	إصلاح الإيجار العادل
הגבלת העלאות שכר דירה למדד והארכת חוזים.	Caps rent increases at inflation and extends leases.	تحديد زيادات الإيجار بنسبة التضخم وتمديد العقود.
רפורמת תיעוש הבנייה	Industrialized Construction Reform	إصلاح تصنيع البناء
בנייה טרומית ומתועשת לקיצור זמני הבנייה בחצי.	Prefab and industrialized building to halve construction time.	بناء جاهز وصناعي لتقليص زمن البناء إلى النصف.
רפורמת ערים חדשות בנגב ובגליל	New Cities in the Negev and Galilee Reform	إصلاح مدن جديدة في النقب والجليل
הקמת ערים חדשות עם תעסוקה ותחבורה.	Builds new cities with jobs and transport.	إنشاء مدن جديدة مع فرص عمل ومواصلات.
רפורמת פינוי-בינוי לאומית	National Urban Renewal Reform	إصلاح الإخلاء والبناء الوطني
רשות ממשלתית שמובילה התחדשות עירונית בפריפריה.	A government authority leading urban renewal in the periphery.	هيئة حكومية تقود التجديد الحضري في الأطراف.
רפורמת מגדלי מגורים ליד תחבורה	Transit-Oriented Housing Reform	إصلاح السكن قرب المواصلات
ציפוף בנייה סביב תחנות רכבת ומטרו.	Denser building around train and metro stations.	تكثيف البناء حول محطات القطار والمترو.
רפורמת דיור בחברה הערבית	Arab Housing Reform	إصلاح السكن في المجتمع العربي
הקצאת קרקעות ובנייה רוויה ביישובים הערביים.	Land allocation and high-density building in Arab towns.	تخصيص أراضٍ وبناء مكثف في البلدات العربية.
רפורמת ערים לציבור החרדי	Haredi Cities Reform	إصلاح مدن للجمهور الحريدي
תכנון שכונות וערים חדשות לציבור החרדי.	Plans new neighborhoods and cities for the Haredi public.	تخطيط أحياء ومدن جديدة للجمهور الحريدي.
רפורמת מס על משקיעים לטובת דיור	Investor Tax for Housing Reform	إصلاح ضريبة المستثمرين لصالح السكن
העברת מס הרכישה ממשקיעים למענקי דירה ראשונה.	Moves investor purchase tax to first-home grants.	تحويل ضريبة شراء المستثمرين إلى منح للشقة الأولى.
רפורמת משכנתא ממשלתית	State Mortgage Reform	إصلاح الرهن العقاري الحكومي
משכנתא בריבית קבועה מוזלת לרוכשי דירה ראשונה.	A discounted fixed-rate mortgage for first-time buyers.	رهن عقاري بفائدة ثابتة مخفضة لمشتري الشقة الأولى.
רפורמת דיור לגיל השלישי	Senior Housing Reform	إصلاح السكن لكبار السن
דירות מותאמות לקשישים במרכזי הערים.	Apartments adapted for seniors in city centers.	شقق ملائمة لكبار السن في مراكز المدن.
רפורמת הגנה על רוכשי דירות	Home Buyers Protection Reform	إصلاح حماية مشتري الشقق
ביטוח חובה ופיקוח על קבלנים לשמירת כספי הרוכשים.	Mandatory insurance and contractor oversight to protect buyers' money.	تأمين إلزامي ورقابة على المقاولين لحماية أموال المشترين.
חוק סולארי על כל גג	Solar on Every Roof Law	قانون الطاقة الشمسية على كل سطح
מסלול רישוי מהיר ותמריץ להתקנת לוחות סולאריים על גגות.	A fast licensing track and incentives to install rooftop solar panels.	مسار ترخيص سريع وحوافز لتركيب ألواح شمسية على الأسطح.
חוק הנחה בחשמל למשפחות במצוקה	Electricity Discount for Struggling Families Law	قانون خصم الكهرباء للعائلات المحتاجة
הנחה קבועה בחשבון החשמל לזכאים.	A fixed electricity bill discount for eligible households.	خصم ثابت على فاتورة الكهرباء للمستحقين.
חוק עמדות טעינה לרכב חשמלי	EV Charging Stations Law	قانون محطات شحن السيارات الكهربائية
חובת עמדות טעינה בבניינים חדשים ובחניונים.	Mandatory charging points in new buildings and parking lots.	إلزام نقاط شحن في المباني الجديدة ومواقف السيارات.
חוק אגירת אנרגיה	Energy Storage Law	قانون تخزين الطاقة
מכרזים למתקני אגירה ליציבות רשת החשמל.	Tenders for storage facilities to stabilize the power grid.	مناقصات لمنشآت التخزين لاستقرار شبكة الكهرباء.
חוק מחיר מים הוגן	Fair Water Price Law	قانون سعر المياه العادل
תעריף מים מופחת לכמות הבסיסית לכל נפש.	A reduced water tariff for the basic per-person amount.	تعرفة مياه مخفضة للكمية الأساسية لكل فرد.
חוק פיקוח על מחירי הדלק	Fuel Price Oversight Law	قانون الرقابة على أسعار الوقود
שקיפות במרווחי תחנות הדלק ותחרות.	Transparent fuel station margins and competition.	شفافية في هوامش محطات الوقود ومنافسة.
חוק הפחתת זיהום ממפעלי חשמל	Power Plant Pollution Law	قانون الحد من تلوث محطات الكهرباء
תקני פליטה מחמירים לתחנות הכוח.	Stricter emission standards for power plants.	معايير انبعاث أكثر صرامة لمحطات الطاقة.
חוק חיבור כל בית לחשמל	Electricity for Every Home Law	قانون ربط كل بيت بالكهرباء
חיבור לרשת לכל בית שבנוי כחוק, גם ביישובים מרוחקים.	Grid connection for every legally built home, including remote communities.	ربط كل بيت مبني قانونيًا بالشبكة، بما في ذلك البلدات النائية.
חוק מונים חכמים	Smart Meters Law	قانون العدادات الذكية
מונה חכם בכל בית ותעריף משתנה לפי שעות.	A smart meter in every home and time-of-use tariffs.	عداد ذكي في كل بيت وتعرفة متغيرة حسب الساعات.
חוק מתקני התפלה	Desalination Plants Law	قانون محطات التحلية
מתקן התפלה נוסף ומאגרי חירום.	An additional desalination plant and emergency reservoirs.	محطة تحلية إضافية وخزانات طوارئ.
חוק תשתיות ביוב בפריפריה	Periphery Sewage Infrastructure Law	قانون البنية التحتية للصرف الصحي في الأطراف
החלפת מערכות ביוב ישנות ומניעת זיהום נחלים.	Replaces old sewage systems and prevents stream pollution.	استبدال شبكات الصرف القديمة ومنع تلوث الجداول.
חוק גיבוי חשמל לשעת חירום	Emergency Power Backup Law	قانون الطاقة الاحتياطية للطوارئ
גנרטורים בבתי חולים, מקלטים ומוקדי חירום.	Generators in hospitals, shelters and emergency centers.	مولدات في المستشفيات والملاجئ ومراكز الطوارئ.
חוק אנרגיית רוח	Wind Energy Law	قانون طاقة الرياح
הסדרת חוות רוח ברמת הגולן ובנגב.	Regulates wind farms in the Golan Heights and the Negev.	تنظيم مزارع الرياح في هضبة الجولان والنقب.
חוק בטיחות צנרת הגז	Gas Pipeline Safety Law	قانون سلامة أنابيب الغاز
פיקוח על צנרת הגז ותוכנית חירום.	Oversight of gas pipelines and an emergency plan.	رقابة على أنابيب الغاز وخطة طوارئ.
חוק התייעלות אנרגטית בבניינים	Building Energy Efficiency Law	قانون كفاءة الطاقة في المباني
תקן חובה לבידוד ולמזגנים יעילים.	A mandatory standard for insulation and efficient air conditioners.	معيار إلزامي للعزل والمكيفات الفعالة.
רפורמת משק החשמל	Electricity Market Reform	إصلاح قطاع الكهرباء
פיצול חברת החשמל ופתיחת הייצור והאספקה לתחרות.	Splits the electric company and opens generation and supply to competition.	تقسيم شركة الكهرباء وفتح الإنتاج والتزويد للمنافسة.
רפורמת 50% אנרגיה מתחדשת	50% Renewable Energy Reform	إصلاح 50% طاقة متجددة
יעד מחייב של 50% אנרגיה מתחדשת עד 2035.	A binding target of 50% renewable energy by 2035.	هدف ملزم بنسبة 50% طاقة متجددة حتى 2035.
רפורמת הגז הטבעי	Natural Gas Reform	إصلاح الغاز الطبيعي
פיתוח מאגרים נוספים, ייצוא ותמלוגים לקרן העושר.	Develops more fields, exports and royalties to the wealth fund.	تطوير حقول إضافية وتصدير وعائدات لصندوق الثروة.
רפורמת רשת החשמל הלאומית	National Power Grid Reform	إصلاح شبكة الكهرباء الوطنية
הכפלת קווי ההולכה ושדרוג הרשת לאנרגיה מתחדשת.	Doubles transmission lines and upgrades the grid for renewables.	مضاعفة خطوط النقل وتحديث الشبكة للطاقة المتجددة.
רפורמת משק המים	Water Sector Reform	إصلاح قطاع المياه
תאגידי מים אזוריים והשקעה בצנרת למניעת פחת.	Regional water corporations and pipe investment to stop leaks.	شركات مياه إقليمية واستثمار في الأنابيب لمنع التسرب.
רפורמת המעבר לרכב חשמלי	Electric Vehicle Transition Reform	إصلاح التحول إلى السيارات الكهربائية
הטבות מס, תשתית טעינה ויעד ל-2030.	Tax benefits, charging infrastructure and a 2030 target.	امتيازات ضريبية وبنية شحن وهدف لعام 2030.
רפורמת סגירת תחנות הפחם	Coal Plant Closure Reform	إصلاح إغلاق محطات الفحم
סגירת כל יחידות הפחם והחלפתן בגז ובאנרגיה מתחדשת.	Closes all coal units and replaces them with gas and renewables.	إغلاق جميع وحدات الفحم واستبدالها بالغاز والطاقة المتجددة.
רפורמת כור גרעיני אזרחי	Civilian Nuclear Reactor Reform	إصلاح المفاعل النووي المدني
תכנון כור גרעיני קטן לייצור חשמל.	Plans a small nuclear reactor for electricity.	تخطيط مفاعل نووي صغير لإنتاج الكهرباء.
רפורמת קהילות אנרגיה	Energy Communities Reform	إصلاح مجتمعات الطاقة
יישובים מייצרים ומוכרים חשמל בעצמם.	Communities produce and sell their own electricity.	البلدات تنتج وتبيع الكهرباء بنفسها.
רפורמת חיבור חשמל אזורי	Regional Power Interconnection Reform	إصلاح الربط الكهربائي الإقليمي
כבלים תת-ימיים לחיבור לרשתות אירופה והמזרח התיכון.	Undersea cables connecting to European and Middle Eastern grids.	كابلات بحرية للربط بشبكات أوروبا والشرق الأوسط.
רפורמת מחקר אנרגיה	Energy Research Reform	إصلاح أبحاث الطاقة
קרן לאומית למחקר אגירה, מימן וטכנולוגיות נקיות.	A national fund for storage, hydrogen and clean tech research.	صندوق وطني لأبحاث التخزين والهيدروجين والتقنيات النظيفة.
רפורמת חוסן משק האנרגיה	Energy Resilience Reform	إصلاح منعة قطاع الطاقة
מתקני ייצור מבוזרים ומוגנים מפני מתקפות.	Distributed generation facilities protected from attacks.	منشآت إنتاج موزعة ومحمية من الهجمات.
רפורמת שוק הדלק	Fuel Market Reform	إصلاح سوق الوقود
פתיחת הזיקוק והייבוא לתחרות וביטול הפיקוח.	Opens refining and imports to competition and ends price control.	فتح التكرير والاستيراد للمنافسة وإلغاء الرقابة على الأسعار.
רפורמת תשתיות לאומיות	National Infrastructure Reform	إصلاح البنية التحتية الوطنية
רשות אחת לתכנון וביצוע תשתיות בכל הארץ.	One authority to plan and build infrastructure nationwide.	هيئة واحدة لتخطيط وتنفيذ البنية التحتية في كل البلاد.
רפורמת אנרגיה מפסולת	Waste-to-Energy Reform	إصلاح الطاقة من النفايات
מתקנים להפקת אנרגיה מפסולת במקום הטמנה.	Facilities producing energy from waste instead of landfilling.	منشآت لإنتاج الطاقة من النفايات بدل الطمر.
חוק העלאת קצבת הזקנה	Old-Age Pension Increase Law	قانون رفع مخصصات الشيخوخة
העלאת קצבת הזקנה ב-15% והצמדתה לשכר הממוצע.	Raises the old-age pension by 15% and links it to the average wage.	رفع مخصصات الشيخوخة بنسبة 15% وربطها بمتوسط الأجر.
חוק העלאת קצבת הנכות	Disability Allowance Increase Law	قانون رفع مخصصات الإعاقة
העלאת קצבת הנכות לגובה שכר המינימום.	Raises the disability allowance to the minimum wage.	رفع مخصصات الإعاقة إلى مستوى الحد الأدنى للأجور.
חוק העלאת קצבאות הילדים	Child Allowance Increase Law	قانون رفع مخصصات الأطفال
העלאת קצבת הילדים לכל ילד.	Raises the child allowance for every child.	رفع مخصصات الأطفال لكل طفل.
חוק ביטחון תזונתי	Food Security Law	قانون الأمن الغذائي
כרטיס מזון חודשי למשפחות במצוקה.	A monthly food card for struggling families.	بطاقة غذاء شهرية للعائلات المحتاجة.
חוק בוגרי פנימיות ואומנה	Care Leavers Law	قانون خريجي المؤسسات الداخلية والرعاية البديلة
ליווי, דיור ומענק לצעירים שעוזבים פנימיות ואומנה.	Mentoring, housing and a grant for young people leaving residential and foster care.	مرافقة وسكن ومنحة للشباب الذين يغادرون المؤسسات الداخلية والرعاية البديلة.
חוק מניעת חסרי בית	Homelessness Prevention Law	قانون منع التشرد
מרכזי לינה, ליווי ודיור ראשון לחסרי בית.	Shelters, support and Housing First for the homeless.	مراكز مبيت ومرافقة وسكن أولي للمشردين.
חוק סיוע לחד-הוריות	Single Mothers Support Law	قانون دعم الأمهات المعيلات
הבטחת דמי מזונות על ידי המדינה ומענק לימודים.	State-guaranteed child support payments and a study grant.	ضمان الدولة لدفعات النفقة ومنحة دراسية.
חוק שכר העובדים הסוציאליים	Social Workers' Pay Law	قانون رواتب العاملين الاجتماعيين
העלאת שכר ותקינה להפחתת העומס.	Higher pay and more positions to reduce caseloads.	رفع الرواتب وزيادة الوظائف لتخفيف العبء.
חוק מניעת בדידות בגיל השלישי	Elderly Loneliness Prevention Law	قانون منع الوحدة لدى كبار السن
מתנדבים, מועדונים וקו חם לקשישים בודדים.	Volunteers, clubs and a hotline for lonely seniors.	متطوعون ونوادٍ وخط ساخن للمسنين الوحيدين.
חוק מיצוי זכויות אוטומטי	Automatic Benefits Law	قانون الحصول التلقائي على الحقوق
הזכויות מתקבלות אוטומטית, בלי צורך בבקשה.	Benefits are granted automatically, without an application.	الحصول على الحقوق تلقائيًا دون الحاجة لتقديم طلب.
חוק הגנה על ילדים בסיכון	Children at Risk Protection Law	قانون حماية الأطفال المعرضين للخطر
עובד סוציאלי לכל 50 ילדים בסיכון ומענה מיידי.	One social worker per 50 at-risk children and an immediate response.	عامل اجتماعي لكل 50 طفلًا معرضًا للخطر واستجابة فورية.
חוק סיוע לנפגעי טרור	Terror Victims Assistance Law	قانون مساعدة ضحايا الإرهاب
הכרה מהירה, טיפול ומענק לנפגעי טרור.	Fast recognition, treatment and grants for terror victims.	اعتراف سريع وعلاج ومنحة لضحايا الإرهاب.
חוק הארכת חופשת הלידה	Extended Maternity Leave Law	قانون تمديد إجازة الولادة
חופשת לידה של 20 שבועות ושבועיים לאב.	20 weeks of maternity leave and two weeks for fathers.	إجازة ولادة 20 أسبوعًا وأسبوعان للأب.
חוק סיוע לנפגעי התמכרויות	Addiction Recovery Assistance Law	قانون مساعدة المصابين بالإدمان
מרכזי גמילה ושיקום בכל מחוז.	Rehab and recovery centers in every district.	مراكز علاج وتأهيل في كل منطقة.
חוק מניעת עיקולים על קצבאות	Benefits Garnishment Protection Law	قانون حماية المخصصات من الحجز
הגנה מלאה על קצבאות מפני עיקול.	Full protection of benefits from garnishment.	حماية كاملة للمخصصات من الحجز.
רפורמת רשת הביטחון הסוציאלית	Social Safety Net Reform	إصلاح شبكة الأمان الاجتماعي
הבטחת הכנסה מינימלית לכל משק בית, לפי קו העוני.	A guaranteed minimum income for every household, based on the poverty line.	ضمان دخل أدنى لكل أسرة حسب خط الفقر.
רפורמת "אף קשיש בעוני"	"No Senior in Poverty" Reform	إصلاح "لا مسنّ في الفقر"
השלמת הכנסה לכל קשיש לפחות לגובה קו העוני.	Income supplement for every senior up to at least the poverty line.	استكمال الدخل لكل مسن حتى خط الفقر على الأقل.
רפורמת "מוקד אחד לרווחה"	"One-Stop Welfare" Reform	إصلاح "مركز واحد للرفاه"
איחוד שירותי הרווחה והביטוח הלאומי במוקד אחד.	Merges welfare and national insurance services into one center.	دمج خدمات الرفاه والتأمين الوطني في مركز واحد.
רפורמת חיסכון לכל ילד מורחב	Expanded Savings for Every Child Reform	إصلاح التوفير لكل طفل الموسّع
הכפלת ההפקדה לחיסכון לכל ילד.	Doubles the deposit to every child's savings plan.	مضاعفة الإيداع في خطة التوفير لكل طفل.
רפורמת הנכים	Disability Reform	إصلاح ذوي الإعاقة
קצבה הוגנת, תעסוקה ונגישות מלאה לאנשים עם מוגבלות.	A fair allowance, employment and full accessibility for people with disabilities.	مخصصات عادلة وتشغيل وإتاحة كاملة لذوي الإعاقة.
רפורמת "עובד סוציאלי לכל משפחה"	"A Social Worker for Every Family" Reform	إصلاح "عامل اجتماعي لكل أسرة"
ליווי אישי למשפחות במצוקה עד ליציאה מהעוני.	Personal support for struggling families until they escape poverty.	مرافقة شخصية للعائلات المحتاجة حتى خروجها من الفقر.
רפורמת הסיעוד בבית	Home Care Reform	إصلاح الرعاية في المنزل
מימון מטפלים ושירותים כדי שקשישים יישארו בביתם.	Funds caregivers and services so seniors can stay at home.	تمويل مقدمي الرعاية والخدمات ليبقى المسنون في بيوتهم.
רפורמת יציאה מעוני דרך השכלה	Out of Poverty Through Education Reform	إصلاح الخروج من الفقر عبر التعليم
מלגות מלאות לצעירים ממשפחות עניות.	Full scholarships for young people from poor families.	منح كاملة للشباب من العائلات الفقيرة.
רפורמת "עבודה משתלמת"	"Work Pays" Reform	إصلاح "العمل مجزٍ"
שמירה על הקצבאות בשלב הכניסה לעבודה, כדי שלא ייפגעו.	Keeps benefits during the transition to work so people don't lose out.	الحفاظ على المخصصات في مرحلة الدخول إلى العمل حتى لا يتضرروا.
רפורמת גיל פרישה גמיש	Flexible Retirement Age Reform	إصلاح سن التقاعد المرن
פרישה הדרגתית ועבודה חלקית עם קצבה.	Gradual retirement and part-time work with a pension.	تقاعد تدريجي وعمل جزئي مع معاش.
רפורמת המאבק באלימות במשפחה	Domestic Violence Reform	إصلاح مكافحة العنف الأسري
מקלטים, כתובת אחת ותוכנית טיפול לאלימים.	Shelters, one point of contact and a treatment program for offenders.	ملاجئ وعنوان واحد وبرنامج علاجي للمعتدين.
רפורמת תמיכה במטפלים משפחתיים	Family Caregivers Support Reform	إصلاح دعم مقدمي الرعاية الأسريين
קצבה ונקודות זכות פנסיוניות למי שמטפל בבן משפחה.	An allowance and pension credits for those caring for a relative.	مخصص ونقاط تقاعدية لمن يرعى أحد أفراد الأسرة.
רפורמת שירותי רווחה בפריפריה	Periphery Welfare Services Reform	إصلاح خدمات الرفاه في الأطراف
שירותים שווים ברשויות חלשות במימון מלא של המדינה.	Equal services in weak authorities, fully funded by the state.	خدمات متساوية في السلطات الضعيفة بتمويل كامل من الدولة.
רפורמת הביטחון התזונתי הלאומי	National Food Security Reform	إصلاح الأمن الغذائي الوطني
תוכנית לאומית להבטחת מזון מזין לכל משפחה.	A national program ensuring nutritious food for every family.	برنامج وطني لضمان غذاء مغذٍ لكل أسرة.
רפורמת מדד העוני הרב-ממדי	Multidimensional Poverty Index Reform	إصلاح مؤشر الفقر متعدد الأبعاد
מדידת עוני לפי דיור, בריאות וחינוך ויעדים מחייבים.	Measures poverty by housing, health and education, with binding targets.	قياس الفقر حسب السكن والصحة والتعليم مع أهداف ملزمة.
חוק הרחבת היטל השקיות	Expanded Bag and Disposables Levy Law	قانون توسيع رسوم الأكياس
היטל על כלים חד-פעמיים ושקיות בכל החנויות.	A levy on disposable tableware and bags in every store.	رسوم على الأدوات أحادية الاستعمال والأكياس في جميع المتاجر.
חוק הפרדה במקור	Source Separation Law	قانون الفرز من المصدر
פחים להפרדת פסולת בכל בניין ופינוי נפרד.	Waste separation bins in every building and separate collection.	حاويات لفرز النفايات في كل مبنى وجمع منفصل.
חוק אוויר נקי במפרץ חיפה	Clean Air in Haifa Bay Law	قانون الهواء النظيف في خليج حيفا
יעדי זיהום מחייבים וסגירת מפעלים מזהמים במפרץ.	Binding pollution targets and closure of polluting plants in the bay.	أهداف تلوث ملزمة وإغلاق المصانع الملوِّثة في الخليج.
חוק חופים פתוחים ונקיים	Open and Clean Beaches Law	قانون الشواطئ المفتوحة والنظيفة
איסור בנייה על החוף וחובת ניקיון וכניסה חופשית.	Bans construction on the shore and requires clean, free access.	حظر البناء على الشاطئ وإلزام النظافة والدخول المجاني.
חוק נטיעת עצים בערים	Urban Tree Planting Law	قانون زراعة الأشجار في المدن
נטיעת מיליון עצים להצללה ברחובות.	Plants a million shade trees along city streets.	زراعة مليون شجرة للتظليل في الشوارع.
חוק הפחתת רעש	Noise Reduction Law	قانون الحد من الضوضاء
תקנים לרעש מכבישים, אתרי בנייה ומסעדות.	Standards for noise from roads, building sites and restaurants.	معايير للضوضاء من الطرق ومواقع البناء والمطاعم.
חוק פיקדון על כל המכלים	Deposit on All Containers Law	قانون الوديعة على جميع العبوات
הרחבת חוק הפיקדון לכל בקבוק ופחית.	Extends the deposit law to every bottle and can.	توسيع قانون الوديعة ليشمل كل زجاجة وعلبة.
חוק שמורות טבע חדשות	New Nature Reserves Law	قانون محميات طبيعية جديدة
הכרזה על שמורות טבע ומסדרונות אקולוגיים.	Declares nature reserves and ecological corridors.	الإعلان عن محميات طبيعية وممرات بيئية.
חוק החמרת ענישה על זיהום מים	Water Pollution Penalties Law	قانون تشديد العقوبة على تلوث المياه
קנסות כבדים ושיקום על חשבון המזהם.	Heavy fines and restoration at the polluter's expense.	غرامات كبيرة وإعادة تأهيل على حساب الملوِّث.
חוק איסור שריפת פסולת	Waste Burning Ban Law	قانون حظر حرق النفايات
אכיפה נגד שריפות פסולת פתוחות ופתרונות פינוי.	Enforcement against open waste burning and disposal solutions.	إنفاذ ضد حرق النفايات المكشوف وحلول للإخلاء.
חוק הגנה על חיות בר	Wildlife Protection Law	قانون حماية الحيوانات البرية
איסור צייד ספורט והגנה על מינים בסכנה.	Bans sport hunting and protects endangered species.	حظر صيد التسلية وحماية الأنواع المهددة.
חוק דיווח פליטות לציבור	Public Emissions Reporting Law	قانون الإبلاغ العلني عن الانبعاثات
מפעלים מדווחים על פליטות באתר פתוח.	Factories report their emissions on an open website.	المصانع تبلّغ عن انبعاثاتها على موقع مفتوح.
חוק היערכות לגלי חום	Heatwave Preparedness Law	قانون الاستعداد لموجات الحر
מרכזי קירור ותוכנית חירום לגלי חום.	Cooling centers and an emergency plan for heatwaves.	مراكز تبريد وخطة طوارئ لموجات الحر.
חוק צמצום בזבוז מזון	Food Waste Reduction Law	قانون الحد من هدر الغذاء
חובה על רשתות לתרום מזון עודף.	Chains must donate surplus food.	إلزام السلاسل بالتبرع بفائض الطعام.
חוק הגבלת רכבים מזהמים בערים	Polluting Vehicles Restriction Law	قانون تقييد المركبات الملوِّثة في المدن
אזורי אוויר נקי שבהם רכבים ישנים ומזהמים מוגבלים.	Clean-air zones that restrict old, polluting vehicles.	مناطق هواء نظيف تُقيَّد فيها المركبات القديمة الملوِّثة.
רפורמת חוק האקלים	Climate Law Reform	إصلاح قانون المناخ
יעד אפס פליטות עד 2050, עם יעדי ביניים מחייבים.	Net-zero emissions by 2050 with binding interim targets.	صفر انبعاثات حتى 2050 مع أهداف مرحلية ملزمة.
רפורמת הפסולת הלאומית	National Waste Reform	إصلاح النفايات الوطني
סגירת מטמנות, מתקני מחזור ואנרגיה מפסולת.	Closes landfills, builds recycling and waste-to-energy plants.	إغلاق المكبات وإنشاء منشآت لإعادة التدوير والطاقة من النفايات.
רפורמת מס פחמן	Carbon Tax Reform	إصلاح ضريبة الكربون
מס על פליטות והחזרת ההכנסות לציבור בהנחות.	A tax on emissions with revenues returned to the public as discounts.	ضريبة على الانبعاثات وإعادة العائدات للجمهور كخصومات.
רפורמת הגנת הים והחופים	Sea and Coast Protection Reform	إصلاح حماية البحر والشواطئ
שמורות ימיות ומניעת זיהום מאסדות גז.	Marine reserves and prevention of pollution from gas rigs.	محميات بحرية ومنع التلوث من منصات الغاز.
רפורמת ערים ירוקות	Green Cities Reform	إصلاح المدن الخضراء
תקן ירוק לרשויות: עצים, תחבורה נקייה ואנרגיה.	A green standard for authorities: trees, clean transport and energy.	معيار أخضر للسلطات: أشجار ونقل نظيف وطاقة.
רפורמת אוויר נקי לאומית	National Clean Air Reform	إصلاح الهواء النظيف الوطني
ניטור בכל עיר ויעדי זיהום מחייבים לכל מקור.	Monitoring in every city and binding pollution targets for every source.	رصد في كل مدينة وأهداف تلوث ملزمة لكل مصدر.
רפורמת שיקום הנחלים	Streams Restoration Reform	إصلاح إعادة تأهيل الجداول
שיקום כל הנחלים הגדולים והזרמת מים לטבע.	Restores all major streams and returns water to nature.	إعادة تأهيل جميع الجداول الكبيرة وإعادة المياه للطبيعة.
רפורמת רשות אכיפה סביבתית	Environmental Enforcement Authority Reform	إصلاح هيئة الإنفاذ البيئي
רשות עצמאית עם סמכויות חקירה וקנסות.	An independent authority with investigation and fining powers.	هيئة مستقلة بصلاحيات تحقيق وغرامات.
רפורמת שטחים פתוחים	Open Spaces Reform	إصلاح المساحات المفتوحة
הגבלת בנייה בשטחים פתוחים ועידוד בנייה לגובה.	Limits building on open land and encourages high-rise.	تقييد البناء في المساحات المفتوحة وتشجيع البناء العالي.
רפורמת חומרים מסוכנים	Hazardous Materials Reform	إصلاح المواد الخطرة
העברת מפעלים מסוכנים מאזורי מגורים ופיקוח הדוק.	Moves dangerous plants away from homes with tight oversight.	نقل المصانع الخطرة بعيدًا عن المساكن مع رقابة مشددة.
רפורמת היערות והאש	Forests and Fire Reform	إصلاح الغابات والحرائق
ניהול יערות, דרכי גישה וצוותי כיבוי ייעודיים.	Forest management, access roads and dedicated firefighting crews.	إدارة الغابات وطرق الوصول وطواقم إطفاء مختصة.
רפורמת אחריות יצרן מורחבת	Extended Producer Responsibility Reform	إصلاح المسؤولية الموسعة للمنتج
יצרנים אחראים למחזור המוצרים שלהם בסוף חייהם.	Producers are responsible for recycling their products at end of life.	المنتجون مسؤولون عن إعادة تدوير منتجاتهم في نهاية عمرها.
רפורמת חינוך סביבתי	Environmental Education Reform	إصلاح التعليم البيئي
תוכנית לימודים חובה בקיימות ובאקלים.	A mandatory curriculum on sustainability and climate.	منهج إلزامي في الاستدامة والمناخ.
רפורמת היערכות לשינויי אקלים	Climate Adaptation Reform	إصلاح التكيف مع تغير المناخ
ניקוז, הגנה מהצפות וקירור ערים.	Drainage, flood protection and city cooling.	تصريف وحماية من الفيضانات وتبريد المدن.
רפורמת הגנה על המגוון הביולוגי	Biodiversity Protection Reform	إصلاح حماية التنوع البيولوجي
תוכנית לאומית להגנה על מינים ובתי גידול.	A national plan to protect species and habitats.	خطة وطنية لحماية الأنواع والموائل.
חוק מחיר מים מוזל לחקלאות	Discounted Agricultural Water Law	قانون تخفيض سعر المياه للزراعة
מחיר מים קבוע ומוזל לחקלאים לעשר שנים.	A fixed, discounted water price for farmers for ten years.	سعر مياه ثابت ومخفض للمزارعين لعشر سنوات.
חוק מענק לחקלאים צעירים	Young Farmers Grant Law	قانون منحة المزارعين الشباب
מענק הקמה והלוואה מוזלת לחקלאים בני פחות מ-40.	A start-up grant and cheap loan for farmers under 40.	منحة تأسيس وقرض مخفض للمزارعين دون سن 40.
חוק ביטוח נזקי טבע	Natural Disaster Crop Insurance Law	قانون التأمين من الكوارث الطبيعية
ביטוח ממלכתי מסובסד מפני בצורת, שיטפון וקרה.	Subsidized state insurance against drought, flood and frost.	تأمين حكومي مدعوم ضد الجفاف والفيضانات والصقيع.
חוק סימון תוצרת מקומית	Local Produce Labeling Law	قانون وسم المنتجات المحلية
סימון בולט לתוצרת חקלאית מקומית בחנויות.	Prominent labels for local produce in stores.	وسم واضح للمنتجات الزراعية المحلية في المتاجر.
חוק צער בעלי חיים במשק	Farm Animal Welfare Law	قانون الرفق بحيوانات المزرعة
תקני רווחה מחייבים ללולים ולרפתות.	Binding welfare standards for coops and dairy barns.	معايير رفاهية ملزمة للحظائر ومزارع الأبقار.
חוק עובדים זרים בחקלאות	Foreign Agricultural Workers Law	قانون العمال الأجانب في الزراعة
מכסות קבועות והליך מהיר להבאת עובדים.	Fixed quotas and a fast procedure for bringing in workers.	حصص ثابتة وإجراء سريع لجلب العمال.
חוק מענקי מיכון חקלאי	Agricultural Mechanization Grants Law	قانون منح المكننة الزراعية
מימון חלקי לרובוטיקה ומיכון בחקלאות.	Partial funding for robotics and machinery in farming.	تمويل جزئي للروبوتات والمكننة في الزراعة.
חוק הגנה על קרקע חקלאית	Farmland Protection Law	قانون حماية الأراضي الزراعية
הגבלת שינוי ייעוד של קרקע חקלאית לבנייה.	Limits rezoning farmland for construction.	تقييد تغيير تخصيص الأراضي الزراعية للبناء.
חוק הגבלת חומרי הדברה מסוכנים	Dangerous Pesticides Restriction Law	قانون تقييد المبيدات الخطرة
איסור חומרים שנאסרו באירופה.	Bans substances that are banned in Europe.	حظر المواد المحظورة في أوروبا.
חוק פער תיווך הוגן	Fair Farm-to-Shelf Margin Law	قانون هامش الوساطة العادل
שקיפות בפער בין מחיר לחקלאי למחיר לצרכן.	Transparency on the gap between farmer and consumer prices.	شفافية في الفارق بين سعر المزارع وسعر المستهلك.
חוק עידוד חקלאות ימית	Aquaculture Promotion Law	قانون تشجيع الاستزراع السمكي
רישוי ותמיכה בחוות דגים בים ובמדבר.	Licensing and support for fish farms at sea and in the desert.	ترخيص ودعم لمزارع الأسماك في البحر والصحراء.
חוק שיווק ישיר מהחקלאי	Direct Farmer Sales Law	قانون البيع المباشر من المزارع
היתר מכירה ישירה בשווקי איכרים בכל עיר.	Permits direct sales at farmers' markets in every city.	السماح بالبيع المباشر في أسواق المزارعين في كل مدينة.
חוק פיצוי על נזקי ביטחון בחקלאות	Security Damage Compensation for Farmers Law	قانون التعويض عن الأضرار الأمنية في الزراعة
פיצוי מלא לחקלאים על נזקי לחימה ושריפות.	Full compensation for farmers for war and fire damage.	تعويض كامل للمزارعين عن أضرار القتال والحرائق.
חוק ביטול מכסות הביצים	Egg Quota Abolition Law	قانون إلغاء حصص البيض
פתיחת שוק הביצים לתחרות.	Opens the egg market to competition.	فتح سوق البيض للمنافسة.
חוק תשלום על שירותי טבע	Payment for Nature Services Law	قانون الدفع مقابل خدمات الطبيعة
תשלום לחקלאים ששומרים על שטחים פתוחים ומגוון ביולוגי.	Pays farmers who preserve open spaces and biodiversity.	الدفع للمزارعين الذين يحافظون على المساحات المفتوحة والتنوع البيولوجي.
רפורמת ביטחון המזון הלאומי	National Food Security Reform	إصلاح الأمن الغذائي الوطني
מלאי חירום, ייצור מקומי מינימלי ותוכנית לשעת משבר.	Emergency stocks, minimum local production and a crisis plan.	مخزون طوارئ وحد أدنى من الإنتاج المحلي وخطة للأزمات.
רפורמת האגרו-טק	Agritech Reform	إصلاح التكنولوجيا الزراعية
השקעה במחקר חקלאי ובחממות חכמות.	Investment in agricultural research and smart greenhouses.	استثمار في البحث الزراعي والدفيئات الذكية.
רפורמת פתיחת היבוא החקלאי	Agricultural Import Opening Reform	إصلاح فتح الاستيراد الزراعي
הסרת מכסים על פירות, ירקות ומוצרי חלב בהדרגה.	Gradually removes tariffs on fruit, vegetables and dairy.	إزالة تدريجية للرسوم على الفواكه والخضار ومنتجات الألبان.
רפורמת תמיכה ישירה בחקלאים	Direct Farmer Support Reform	إصلاح الدعم المباشر للمزارعين
תשלום ישיר לפי שטח במקום הגנות מכס.	Direct per-area payments instead of tariff protection.	دفعات مباشرة حسب المساحة بدل الحماية الجمركية.
רפורמת המים המושבים	Recycled Water Reform	إصلاح المياه المعاد تدويرها
הכפלת השימוש בקולחים מטוהרים להשקיה.	Doubles the use of treated wastewater for irrigation.	مضاعفة استخدام مياه الصرف المعالجة للري.
רפורמת התחדשות המושבים והקיבוצים	Moshav and Kibbutz Renewal Reform	إصلاح تجديد الموشافيم والكيبوتسات
דיור לצעירים ותעסוקה במושבים ובקיבוצים.	Housing for young people and jobs in moshavim and kibbutzim.	سكن للشباب وفرص عمل في الموشافيم والكيبوتسات.
רפורמת משק החלב	Dairy Sector Reform	إصلاح قطاع الألبان
מעבר הדרגתי משיטת המכסות לשוק תחרותי עם פיצוי.	Gradual shift from quotas to a competitive market with compensation.	انتقال تدريجي من نظام الحصص إلى سوق تنافسية مع تعويض.
רפורמת ייצוא חקלאי	Agricultural Export Reform	إصلاح التصدير الزراعي
מותג לאומי ומרכזי לוגיסטיקה לייצוא תוצרת.	A national brand and logistics hubs for produce exports.	علامة وطنية ومراكز لوجستية لتصدير المنتجات.
רפורמת חקלאות מותאמת אקלים	Climate-Adapted Agriculture Reform	إصلاح الزراعة المتكيفة مع المناخ
זנים עמידים, הצללה ומחקר להתמודדות עם החום.	Resilient varieties, shading and research to cope with heat.	أصناف مقاومة وتظليل وأبحاث لمواجهة الحر.
רפורמת חקלאות בחברה הערבית והבדואית	Arab and Bedouin Agriculture Reform	إصلاح الزراعة في المجتمع العربي والبدوي
הקצאת מים, הכשרה ושיווק לחקלאים ערבים ובדואים.	Water quotas, training and marketing for Arab and Bedouin farmers.	حصص مياه وتأهيل وتسويق للمزارعين العرب والبدو.
רפורמת שמירה על השטחים החקלאיים	Farmland Security Reform	إصلاح حماية الأراضي الزراعية
יחידות שמירה ומצלמות נגד פשיעה חקלאית.	Guard units and cameras against agricultural crime.	وحدات حراسة وكاميرات ضد الجرائم الزراعية.
רפורמת שרשרת אספקה קצרה	Short Supply Chain Reform	إصلاح سلسلة التوريد القصيرة
מרכזים אזוריים שמחברים חקלאים ישירות לרשתות.	Regional hubs connecting farmers directly to chains.	مراكز إقليمية تربط المزارعين مباشرة بالسلاسل.
רפורמת חקלאות מדבר	Desert Agriculture Reform	إصلاح الزراعة الصحراوية
הרחבת שטחים חקלאיים בערבה ובנגב.	Expands farmland in the Arava and the Negev.	توسيع المساحات الزراعية في وادي عربة والنقب.
רפורמת הקלות רגולציה לחקלאים	Farmer Deregulation Reform	إصلاح تسهيلات تنظيمية للمزارعين
ביטול אישורים כפולים ורישוי אחד לחווה.	Cancels duplicate approvals with one license per farm.	إلغاء الموافقات المزدوجة وترخيص واحد لكل مزرعة.
רפורמת חקלאות אורגנית	Organic Farming Reform	إصلاح الزراعة العضوية
מסלול תמיכה והסבה לחקלאות אורגנית.	A support and conversion track for organic farming.	مسار دعم وتحويل للزراعة العضوية.
חוק סיבים אופטיים לכל בית	Fiber for Every Home Law	قانون الألياف الضوئية لكل بيت
חובת פריסת סיבים גם ליישובים קטנים ומרוחקים.	Mandatory fiber rollout even to small, remote communities.	إلزام مد الألياف حتى للبلدات الصغيرة والنائية.
חוק ניוד מספר מיידי	Instant Number Porting Law	قانون نقل الرقم الفوري
מעבר בין חברות סלולר תוך שעה, ללא קנס.	Switch mobile carriers within an hour, without penalty.	الانتقال بين شركات الخلوي خلال ساعة دون غرامة.
חוק חסימת שיחות ספאם	Spam Call Blocking Law	قانون حظر المكالمات المزعجة
חסימת שיחות והודעות פרסום לא רצויות.	Blocks unwanted marketing calls and messages.	حظر المكالمات والرسائل الدعائية غير المرغوبة.
חוק הגנה על ילדים ברשת	Children's Online Protection Law	قانون حماية الأطفال على الإنترنت
סינון מוגדר מראש לקווים של קטינים.	Default filtering for minors' lines.	تصفية افتراضية لخطوط القاصرين.
חוק שירות הדואר	Postal Service Law	قانون خدمة البريد
תקן זמני מסירה וסניף בכל יישוב גדול.	Delivery time standards and a branch in every large community.	معايير لأزمنة التسليم وفرع في كل بلدة كبيرة.
חוק שקיפות בעלות על כלי תקשורת	Media Ownership Transparency Law	قانون الشفافية في ملكية وسائل الإعلام
פרסום בעלי השליטה בכל כלי תקשורת.	Publishes who controls every media outlet.	نشر أصحاب السيطرة في كل وسيلة إعلام.
חוק תקשורת חירום	Emergency Communications Law	قانون اتصالات الطوارئ
מערכת התרעה לכל טלפון ושרידות רשתות בזמן מלחמה.	Alerts to every phone and network survivability in wartime.	نظام إنذار لكل هاتف وصمود الشبكات أثناء الحرب.
חוק אחריות פלטפורמות על הונאות	Platform Fraud Liability Law	قانون مسؤولية المنصات عن الاحتيال
חובת הסרה מהירה של פרסומי הונאה.	Fast removal of fraudulent ads is mandatory.	إلزام الإزالة السريعة للإعلانات الاحتيالية.
חוק הנגשת שידורים	Broadcast Accessibility Law	قانون إتاحة البث
כתוביות ושפת סימנים בכל השידורים המרכזיים.	Subtitles and sign language on all major broadcasts.	ترجمة ولغة إشارة في جميع البرامج الرئيسية.
חוק ביטול חבילות מוסתרות	Hidden Package Changes Ban Law	قانون منع التغييرات الخفية في الباقات
איסור על שינוי מחיר חבילה ללא הסכמה.	Bans changing a package price without consent.	حظر تغيير سعر الباقة دون موافقة.
חוק שקיפות בפרסום פוליטי ברשת	Online Political Ads Transparency Law	قانون الشفافية في الإعلانات السياسية على الإنترنت
סימון ממומן ומאגר פומבי של מודעות פוליטיות.	Sponsored labels and a public archive of political ads.	وسم الإعلانات الممولة وأرشيف علني للإعلانات السياسية.
חוק תמיכה בעיתונות מקומית	Local Journalism Support Law	قانون دعم الصحافة المحلية
קרן לעיתונות מקומית ותחקירית.	A fund for local and investigative journalism.	صندوق للصحافة المحلية والاستقصائية.
חוק אינטרנט לווייני	Satellite Internet Law	قانون الإنترنت عبر الأقمار الصناعية
היתר לשירותי אינטרנט לווייני בכל הארץ.	Permits satellite internet services nationwide.	السماح بخدمات الإنترنت عبر الأقمار الصناعية في كل البلاد.
חוק הגנה על מידע אישי בתקשורת	Telecom Personal Data Law	قانون حماية البيانات الشخصية في الاتصالات
איסור מכירת נתוני מיקום של לקוחות.	Bans selling customers' location data.	حظر بيع بيانات موقع العملاء.
חוק שידורים בשפות נוספות	Broadcasting in More Languages Law	قانون البث بلغات إضافية
ערוצים ותכנים בערבית, ברוסית ובאמהרית.	Channels and content in Arabic, Russian and Amharic.	قنوات ومحتوى بالعربية والروسية والأمهرية.
רפורמת שוק התקשורת	Media Market Reform	إصلاح سوق الإعلام
פתיחת שוק השידורים, ביטול הרגולציה וחיזוק ערוצים חדשים.	Opens broadcasting, cuts regulation and boosts new channels.	فتح سوق البث وإلغاء التنظيم وتعزيز القنوات الجديدة.
רפורמת עצמאות השידור הציבורי	Public Broadcasting Independence Reform	إصلاح استقلالية البث العام
עיגון מימון ועצמאות תאגיד השידור.	Enshrines the public broadcaster's funding and independence.	ترسيخ تمويل واستقلالية هيئة البث.
רפורמת סגירת תאגיד השידור	Public Broadcaster Closure Reform	إصلاح إغلاق هيئة البث
סגירת השידור הציבורי והפרטתו.	Closes the public broadcaster and privatizes it.	إغلاق البث العام وخصخصته.
רפורמת אינטרנט מהיר לכולם	Fast Internet for All Reform	إصلاح الإنترنت السريع للجميع
פריסה ממשלתית באזורים שהחברות לא מגיעות אליהם.	Government rollout in areas the companies don't reach.	مد حكومي في المناطق التي لا تصلها الشركات.
רפורמת הדור החמישי והשישי	5G and 6G Reform	إصلاح الجيلين الخامس والسادس
הקצאת תדרים ופריסת רשתות מתקדמות.	Spectrum allocation and advanced network rollout.	تخصيص الترددات ونشر الشبكات المتقدمة.
רפורמת הפרטת הדואר	Postal Privatization Reform	إصلاح خصخصة البريد
הפרטה של דואר ישמעאל ופתיחה לתחרות.	Privatizes Yishmael Post and opens it to competition.	خصخصة بريد يشمعيل وفتحه للمنافسة.
רפורמת רגולטור תקשורת אחד	Single Communications Regulator Reform	إصلاح هيئة تنظيم اتصالات واحدة
איחוד הרשויות לרשות אחת ועצמאית.	Merges the authorities into one independent regulator.	دمج الهيئات في هيئة واحدة مستقلة.
רפורמת אחריות הרשתות החברתיות	Social Media Accountability Reform	إصلاح مساءلة شبكات التواصل الاجتماعي
חובות שקיפות, ערעור על הסרות ומאבק בבוטים.	Transparency duties, appeals on removals and action against bots.	واجبات الشفافية والطعن في الحذف ومكافحة البوتات.
רפורמת שרידות רשתות התקשורת	Network Survivability Reform	إصلاح صمود شبكات الاتصالات
גיבוי, אנרגיה וסייבר לרשתות בזמן מלחמה.	Backup, power and cyber protection for networks in wartime.	احتياط وطاقة وسايبر للشبكات وقت الحرب.
רפורמת תמיכה בעיתונאות עצמאית	Independent Journalism Reform	إصلاح دعم الصحافة المستقلة
קרן עצמאית לתמיכה בעיתונות חוקרת ומקומית.	An independent fund supporting investigative and local journalism.	صندوق مستقل لدعم الصحافة الاستقصائية والمحلية.
רפורמת סיטונאות בתקשורת	Wholesale Telecom Reform	إصلاح البيع بالجملة في الاتصالات
חובת שירות סיטונאי לתחרות במחירי האינטרנט.	Mandatory wholesale service to spur internet price competition.	إلزام خدمة الجملة لتعزيز المنافسة في أسعار الإنترنت.
רפורמת אוריינות דיגיטלית	Digital Literacy Reform	إصلاح محو الأمية الرقمية
הכשרה לזיהוי פייק ניוז והונאות לכל הגילים.	Training to spot fake news and scams for all ages.	تدريب على كشف الأخبار الكاذبة والاحتيال لجميع الأعمار.
רפורמת תוכן מקומי	Local Content Reform	إصلاح المحتوى المحلي
חובת השקעה בהפקות מקומיות על כל שירותי הסטרימינג.	Streaming services must invest in local productions.	إلزام جميع خدمات البث بالاستثمار في الإنتاجات المحلية.
רפורמת שירות אוניברסלי	Universal Service Reform	إصلاح الخدمة الشاملة
כל אזרח זכאי לקו טלפון ואינטרנט במחיר בסיסי.	Every citizen is entitled to phone and internet at a basic price.	كل مواطن يستحق خط هاتف وإنترنت بسعر أساسي.
רפורמת מדידת רייטינג שקופה	Transparent Ratings Reform	إصلاح قياس نسب المشاهدة الشفاف
מדידה עצמאית של צפייה וחשיפה לכל כלי התקשורת.	Independent measurement of viewing and reach for all media.	قياس مستقل للمشاهدة والانتشار لجميع وسائل الإعلام.
חוק תמיכה בתיאטראות בפריפריה	Periphery Theater Support Law	قانون دعم المسارح في الأطراف
מימון מופעים והסעות לתיאטרון בפריפריה.	Funds shows and transport to theater in the periphery.	تمويل العروض والمواصلات إلى المسرح في الأطراف.
חוק מגרשי ספורט שכונתיים	Neighborhood Sports Fields Law	قانون الملاعب الرياضية في الأحياء
מגרש ספורט מואר ופתוח בכל שכונה.	A lit, open sports field in every neighborhood.	ملعب رياضي مضاء ومفتوح في كل حي.
חוק מלגות לאמנים צעירים	Young Artists Grants Law	قانون منح الفنانين الشباب
מלגות קיום לאמנים בתחילת דרכם.	Living grants for artists starting out.	منح معيشية للفنانين في بداية طريقهم.
חוק המאבק באלימות במגרשים	Stadium Violence Law	قانون مكافحة العنف في الملاعب
כרטיס אוהד מזוהה ואכיפה נגד אלימות וגזענות.	An identified fan card and enforcement against violence and racism.	بطاقة مشجع معرّفة وإنفاذ ضد العنف والعنصرية.
חוק ספריות ציבוריות	Public Libraries Law	قانون المكتبات العامة
שדרוג ספריות ופתיחתן גם בערבים.	Upgrades libraries and opens them in the evenings too.	تحديث المكتبات وفتحها في المساء أيضًا.
חוק עידוד הפקות קולנוע	Film Production Incentive Law	قانون تشجيع الإنتاج السينمائي
הטבת מס להפקות שמצלמות בישמעאל.	Tax benefits for productions filming in Yishmael.	ميزة ضريبية للإنتاجات التي تصوّر في يشمعيل.
חוק שעת ספורט נוספת בבתי ספר	Extra School Sports Hour Law	قانون ساعة رياضة إضافية في المدارس
שעת חינוך גופני נוספת בכל שבוע.	One more physical education hour every week.	ساعة تربية بدنية إضافية كل أسبوع.
חוק שוויון בספורט נשים	Women's Sports Equality Law	قانون المساواة في الرياضة النسائية
תקציב שווה לליגות נשים ולספורטאיות.	Equal funding for women's leagues and athletes.	ميزانية متساوية لدوريات النساء والرياضيات.
חוק הגנה על יוצרים ברשת	Online Creators Protection Law	قانون حماية المبدعين على الإنترنت
תמלוגים הוגנים ליוצרים משירותי סטרימינג.	Fair royalties for creators from streaming services.	عائدات عادلة للمبدعين من خدمات البث.
חוק כרטיס תרבות לצעירים	Youth Culture Card Law	قانون بطاقة الثقافة للشباب
סל תרבות שנתי לבני 18-25.	An annual culture allowance for ages 18 to 25.	سلة ثقافية سنوية لأعمار 18 إلى 25.
חוק מענקי מצוינות לספורטאים	Athlete Excellence Grants Law	قانون منح التميز للرياضيين
מלגות לספורטאים אולימפיים ולמאמנים.	Grants for Olympic athletes and coaches.	منح للرياضيين الأولمبيين والمدربين.
חוק תרבות בחברה הערבית	Arab Culture Funding Law	قانون الثقافة في المجتمع العربي
תקציב שוויוני למוסדות תרבות ביישובים הערביים.	Equal funding for cultural institutions in Arab towns.	ميزانية متساوية لمؤسسات الثقافة في البلدات العربية.
חוק פסטיבלים בפריפריה	Periphery Festivals Law	قانون المهرجانات في الأطراف
מימון פסטיבלים בעיירות פיתוח.	Funds festivals in development towns.	تمويل المهرجانات في بلدات التطوير.
חוק נגישות באירועי תרבות	Cultural Events Accessibility Law	قانون الإتاحة في الفعاليات الثقافية
הנגשת היכלי תרבות ומגרשים לבעלי מוגבלות.	Makes culture halls and stadiums accessible to people with disabilities.	إتاحة قاعات الثقافة والملاعب لذوي الإعاقة.
חוק ביטוח לאמנים עצמאיים	Freelance Artists Insurance Law	قانون التأمين للفنانين المستقلين
הגנה סוציאלית לאמנים ולעובדי במה עצמאיים.	Social protection for freelance artists and stage workers.	حماية اجتماعية للفنانين وعمال المسرح المستقلين.
רפורמת "נאמנות בתרבות"	"Loyalty in Culture" Reform	إصلاح "الولاء في الثقافة"
התניית מימון מוסדות תרבות בתוכן שאינו פוגע במדינה.	Conditions funding of cultural institutions on content that doesn't harm the state.	ربط تمويل المؤسسات الثقافية بمحتوى لا يسيء للدولة.
רפורמת "אחוז לתרבות"	"One Percent for Culture" Reform	إصلاح "واحد بالمئة للثقافة"
הקצאה קבועה של 1% מהתקציב לתרבות.	A fixed 1% of the budget for culture.	تخصيص ثابت بنسبة 1% من الميزانية للثقافة.
רפורמת "ספורט לכולם"	"Sport for All" Reform	إصلاح "الرياضة للجميع"
מתקני ספורט, חוגים מסובסדים ומאמנים בכל רשות.	Sports facilities, subsidized clubs and coaches in every authority.	منشآت رياضية ونوادٍ مدعومة ومدربون في كل سلطة.
רפורמת הספורט המקצועני	Professional Sports Reform	إصلاح الرياضة الاحترافية
שקיפות בבעלות על קבוצות והפרטת האצטדיונים.	Transparent club ownership and stadium privatization.	شفافية في ملكية الفرق وخصخصة الملاعب.
רפורמת מוזיאונים לאומיים	National Museums Reform	إصلاح المتاحف الوطنية
שדרוג המוזיאונים וכניסה חינם בימים קבועים.	Upgrades museums and offers free entry on set days.	تحديث المتاحف ودخول مجاني في أيام محددة.
רפורמת תעשיית היצירה	Creative Industries Reform	إصلاح الصناعات الإبداعية
קרן להשקעה בקולנוע, סדרות ומשחקי מחשב.	A fund investing in film, series and video games.	صندوق للاستثمار في السينما والمسلسلات وألعاب الفيديو.
רפורמת ספורט ההישגי	Elite Sport Reform	إصلاح الرياضة التنافسية
תוכנית אולימפית ארוכת טווח ומרכזי אימון לאומיים.	A long-term Olympic program and national training centers.	برنامج أولمبي طويل الأمد ومراكز تدريب وطنية.
רפורמת ייצוא התרבות	Cultural Export Reform	إصلاح تصدير الثقافة
ייצוג אמנים בעולם ותמיכה בהופעות בחו״ל.	Represents artists abroad and supports performances overseas.	تمثيل الفنانين في العالم ودعم العروض في الخارج.
רפורמת מרכזי תרבות בפריפריה	Periphery Culture Centers Reform	إصلاح مراكز الثقافة في الأطراف
היכל תרבות וספורט בכל עיר בפריפריה.	A culture and sports hall in every periphery city.	قاعة ثقافة ورياضة في كل مدينة في الأطراف.
רפורמת חינוך אמנותי	Arts Education Reform	إصلاح التعليم الفني
בתי ספר לאמנויות ומגמות בכל מחוז.	Arts schools and tracks in every district.	مدارس للفنون ومسارات في كل منطقة.
רפורמת מועצה ציבורית לתרבות	Public Culture Council Reform	إصلاح المجلس العام للثقافة
חלוקת תקציבים בידי מועצה מקצועית ולא פוליטית.	Budgets allocated by a professional, non-political council.	توزيع الميزانيات بيد مجلس مهني غير سياسي.
רפורמת תרבות יהודית	Jewish Culture Reform	إصلاح الثقافة اليهودية
מימון יצירה ותרבות ברוח המסורת.	Funds art and culture in the spirit of tradition.	تمويل الإبداع والثقافة بروح التقاليد.
רפורמת ספורט לגיל השלישי	Senior Sports Reform	إصلاح الرياضة لكبار السن
חוגים ומתקנים לקשישים להארכת חיים בריאים.	Classes and facilities for seniors to extend healthy life.	حصص ومنشآت لكبار السن لإطالة الحياة الصحية.
רפורמת תזמורות ולהקות	Orchestras and Ensembles Reform	إصلاح الفرق الموسيقية والراقصة
תקציב יציב לתזמורות, להקות מחול ומקהלות.	Stable funding for orchestras, dance companies and choirs.	ميزانية ثابتة للأوركسترات وفرق الرقص والجوقات.
רפורמת ספורט אלקטרוני	Esports Reform	إصلاح الرياضات الإلكترونية
הכרה בספורט אלקטרוני וליגות לנוער.	Recognizes esports and creates youth leagues.	الاعتراف بالرياضات الإلكترونية ودوريات للشباب.
חוק הקלות לבניית מלונות	Hotel Construction Relief Law	قانون تسهيلات بناء الفنادق
מסלול רישוי מהיר למלונות ולחדרי אירוח.	A fast licensing track for hotels and guest rooms.	مسار ترخيص سريع للفنادق وغرف الضيافة.
חוק הסדרת צימרים ודירות נופש	Guesthouse Regulation Law	قانون تنظيم بيوت الضيافة
רישוי פשוט ומיסוי הוגן לצימרים.	Simple licensing and fair taxation for guesthouses.	ترخيص بسيط وضرائب عادلة لبيوت الضيافة.
חוק מענק לחברות תעופה בטיסות לאילת	Eilat Flights Incentive Law	قانون حوافز الرحلات إلى إيلات
תמריץ לטיסות בינלאומיות ישירות לאילת.	Incentives for direct international flights to Eilat.	حوافز للرحلات الدولية المباشرة إلى إيلات.
חוק החזר מע״מ לתיירים	Tourist VAT Refund Law	قانون استرداد ضريبة القيمة المضافة للسياح
החזר מע״מ מיידי בנמל התעופה.	Immediate VAT refunds at the airport.	استرداد فوري لضريبة القيمة المضافة في المطار.
חוק שבילי טיול לאומיים	National Hiking Trails Law	قانون مسارات المشي الوطنية
סימון ותחזוקה של שבילים ואתרי חניון לילה.	Marks and maintains trails and overnight campsites.	وسم وصيانة المسارات ومواقع التخييم الليلي.
חוק הכשרת מורי דרך	Tour Guide Training Law	قانون تأهيل المرشدين السياحيين
תקן והכשרה מחודשת למורי דרך.	Standards and retraining for tour guides.	معايير وإعادة تأهيل للمرشدين السياحيين.
חוק שוברי נופש פנים	Domestic Vacation Voucher Law	قانون قسائم العطلات الداخلية
שובר נופש מסובסד לכל משפחה בשנים קשות.	A subsidized holiday voucher for every family in hard years.	قسيمة عطلة مدعومة لكل أسرة في السنوات الصعبة.
חוק שדרוג חופים לתיירות	Beach Upgrade Law	قانون تحديث الشواطئ للسياحة
מקלחות, נגישות ושירותים בחופים המוכרזים.	Showers, accessibility and facilities on declared beaches.	مرشات وإتاحة وخدمات في الشواطئ المعلنة.
חוק תיירות צליינית	Pilgrim Tourism Law	قانون سياحة الحجاج
הקלות וליווי לקבוצות צליינים מכל הדתות.	Easier procedures and escort for pilgrim groups of every faith.	تسهيلات ومرافقة لمجموعات الحجاج من جميع الأديان.
חוק שכירות רכב לתיירים	Tourist Car Rental Law	قانون تأجير السيارات للسياح
הוזלה וביטול ביטוח כפול לתיירים.	Cheaper rentals and no double insurance for tourists.	تخفيض الأسعار وإلغاء التأمين المزدوج للسياح.
חוק הסדרת השכרה לטווח קצר	Short-Term Rental Regulation Law	قانون تنظيم الإيجار قصير الأمد
כללים להשכרת דירות לתיירים בערים.	Rules for renting apartments to tourists in cities.	قواعد لتأجير الشقق للسياح في المدن.
חוק עידוד תיירות קולינרית	Culinary Tourism Law	قانون تشجيع السياحة الغذائية
תמיכה ביקבים, מחלבות ומסעדות כפריות.	Support for wineries, dairies and rural restaurants.	دعم مصانع النبيذ والألبان والمطاعم الريفية.
חוק מידע לתיירים בשפות	Multilingual Tourist Information Law	قانون معلومات السياح باللغات
שילוט ומוקד מידע בעשר שפות.	Signs and an information hotline in ten languages.	لافتات ومركز معلومات بعشر لغات.
חוק תיירות נגישה	Accessible Tourism Law	قانون السياحة المتاحة
הנגשת אתרים ומלונות לבעלי מוגבלות.	Makes sites and hotels accessible to people with disabilities.	إتاحة المواقع والفنادق لذوي الإعاقة.
חוק פעילות תיירותית בשבת	Shabbat Tourist Activity Law	قانون النشاط السياحي يوم السبت
היתר פתיחת אטרקציות בשבת באזורי תיירות.	Allows attractions to open on Shabbat in tourist zones.	السماح بفتح المعالم السياحية يوم السبت في المناطق السياحية.
רפורמת חמישה מיליון תיירים	Five Million Tourists Reform	إصلاح خمسة ملايين سائح
קמפיין עולמי, טיסות זולות והרחבת חדרי המלון.	A global campaign, cheap flights and more hotel rooms.	حملة عالمية ورحلات رخيصة وزيادة غرف الفنادق.
רפורמת תיירות בנגב ובגליל	Negev and Galilee Tourism Reform	إصلاح السياحة في النقب والجليل
אתרים, מלונות ותחבורה לתיירות בפריפריה.	Sites, hotels and transport for tourism in the periphery.	مواقع وفنادق ومواصلات للسياحة في الأطراف.
רפורמת אילת עיר תיירות בינלאומית	Eilat International Resort Reform	إصلاح إيلات مدينة سياحة دولية
שדה תעופה, מלונות ואזור סחר חופשי מורחב.	An airport, hotels and an expanded free trade zone.	مطار وفنادق ومنطقة تجارة حرة موسعة.
רפורמת אתרי המורשת לתיירות	Heritage Sites for Tourism Reform	إصلاح مواقع التراث للسياحة
שימור ופיתוח אתרים היסטוריים כמוקדי תיירות.	Preserves and develops historic sites as tourist hubs.	الحفاظ على المواقع التاريخية وتطويرها كمراكز سياحية.
רפורמת הסכמי תיירות אזוריים	Regional Tourism Agreements Reform	إصلاح اتفاقيات السياحة الإقليمية
מסלולים משותפים עם מצרים, ירדן ומדינות המפרץ.	Joint routes with Egypt, Jordan and the Gulf states.	مسارات مشتركة مع مصر والأردن ودول الخليج.
רפורמת שוק המלונאות	Hotel Market Reform	إصلاح سوق الفنادق
ביטול רגולציה, קרקע זמינה והטבות לשרשראות חדשות.	Cuts regulation, frees land and gives benefits to new chains.	إلغاء التنظيم وتوفير الأراضي وامتيازات للسلاسل الجديدة.
רפורמת תחבורה לתיירים	Tourist Transport Reform	إصلاح النقل للسياح
כרטיס תיירות לתחבורה ולאתרים וקווים לאטרקציות.	A tourist pass for transport and sites and lines to attractions.	بطاقة سياحية للمواصلات والمواقع وخطوط إلى المعالم.
רפורמת כוח אדם בתיירות	Tourism Workforce Reform	إصلاح القوى العاملة في السياحة
הכשרה מקצועית ושכר משופר לעובדי המלונאות.	Vocational training and better pay for hotel workers.	تأهيل مهني ورواتب أفضل لعمال الفنادق.
רפורמת תיירות כפרית ואקולוגית	Rural and Eco-Tourism Reform	إصلاح السياحة الريفية والبيئية
תמיכה ביישובים שמפתחים תיירות טבע.	Supports communities that develop nature tourism.	دعم البلدات التي تطور سياحة الطبيعة.
רפורמת תיירות כנסים ואירועים	Conference and Events Tourism Reform	إصلاح سياحة المؤتمرات والفعاليات
מרכז כנסים בינלאומי ומשיכת אירועי ענק.	An international convention center and major events.	مركز مؤتمرات دولي واستقطاب فعاليات كبرى.
רפורמת תיירות מרפא בים המלח	Dead Sea Wellness Tourism Reform	إصلاح السياحة العلاجية في البحر الميت
פיתוח מלונות מרפא ושיקום חופי ים המלח.	Develops spa hotels and restores the Dead Sea beaches.	تطوير فنادق علاجية وإعادة تأهيل شواطئ البحر الميت.
רפורמת תיירות דיגיטלית	Digital Tourism Reform	إصلاح السياحة الرقمية
אפליקציה לאומית להזמנות, מידע ומסלולים.	A national app for bookings, information and routes.	تطبيق وطني للحجوزات والمعلومات والمسارات.
רפורמת רשת ביטחון לענף התיירות	Tourism Safety Net Reform	إصلاح شبكة الأمان لقطاع السياحة
ביטוח ומענקים לענף בזמן מלחמה ומשבר.	Insurance and grants for the sector in war and crisis.	تأمين ومنح للقطاع في الحرب والأزمات.
רפורמת תיירות בחברה הערבית	Arab Community Tourism Reform	إصلاح السياحة في المجتمع العربي
פיתוח תיירות בנצרת, בכפרים ובאתרי הגליל.	Develops tourism in Nazareth, villages and Galilee sites.	تطوير السياحة في الناصرة والقرى ومواقع الجليل.
רפורמת "שמיים פתוחים" לתיירות	Open Skies for Tourism Reform	إصلاح "الأجواء المفتوحة" للسياحة
ביטול אגרות על חברות לואו-קוסט בנתב״ג.	Cancels fees on low-cost airlines at the main airport.	إلغاء الرسوم على شركات الطيران منخفضة التكلفة في المطار الرئيسي.
חוק העלאת שכר המינימום	Minimum Wage Increase Law	قانون رفع الحد الأدنى للأجور
העלאת שכר המינימום והצמדתו ל-60% מהשכר הממוצע.	Raises the minimum wage and links it to 60% of the average wage.	رفع الحد الأدنى للأجور وربطه بنسبة 60% من متوسط الأجر.
חוק שבוע עבודה מקוצר	Shorter Work Week Law	قانون أسبوع العمل المختصر
מעבר הדרגתי לשבוע עבודה של 40 שעות.	A gradual move to a 40-hour work week.	انتقال تدريجي إلى أسبوع عمل من 40 ساعة.
חוק סבסוד מעונות יום	Daycare Subsidy Law	قانون دعم الحضانات
סבסוד מעונות לפי הכנסה לכל המשפחות העובדות.	Income-based daycare subsidies for all working families.	دعم الحضانات حسب الدخل لجميع العائلات العاملة.
חוק שוברי הכשרה מקצועית	Vocational Training Voucher Law	قانون قسائم التأهيل المهني
שובר הכשרה לכל עובד שמחליף מקצוע.	A training voucher for every worker changing careers.	قسيمة تأهيل لكل عامل يغيّر مهنته.
חוק בטיחות בעבודה	Workplace Safety Law	قانون السلامة في العمل
פיקוח מוגבר וקנסות כבדים על תאונות עבודה.	Stronger inspection and heavy fines for workplace accidents.	رقابة معززة وغرامات كبيرة على حوادث العمل.
חוק עבודה מהבית	Right to Work From Home Law	قانون العمل من المنزل
הזכות לבקש עבודה מהבית יומיים בשבוע.	The right to request two days a week of remote work.	الحق في طلب العمل من المنزل يومين في الأسبوع.
חוק שקיפות שכר בין המינים	Gender Pay Transparency Law	قانون الشفافية في الأجور بين الجنسين
פרסום פערי שכר בחברות גדולות וחובת צמצום.	Large companies publish pay gaps and must close them.	نشر فجوات الأجور في الشركات الكبرى وإلزام تقليصها.
חוק איסור אפליה בגיל	Age Discrimination Ban Law	قانون حظر التمييز على أساس العمر
הגנה על עובדים מבוגרים מפני פיטורים בגלל גילם.	Protects older workers from dismissal because of age.	حماية العمال الأكبر سنًا من الفصل بسبب أعمارهم.
חוק הזכות להתנתק	Right to Disconnect Law	قانون الحق في الانفصال
איסור לחייב עובד לענות להודעות אחרי שעות העבודה.	Bans requiring workers to answer messages after hours.	حظر إلزام العامل بالرد على الرسائل بعد ساعات العمل.
חוק זכויות עובדי פלטפורמות	Platform Workers' Rights Law	قانون حقوق عمال المنصات
ביטוח וזכויות סוציאליות לשליחים ולנהגים.	Insurance and social rights for couriers and drivers.	تأمين وحقوق اجتماعية للسعاة والسائقين.
חוק חיזוק ההתארגנות	Union Organizing Protection Law	قانون تعزيز التنظيم النقابي
הגנה על עובדים שמתארגנים בוועד.	Protects workers who organize a union.	حماية العمال الذين ينتظمون في لجنة عمال.
חוק תעסוקת אנשים עם מוגבלות	Disability Employment Law	قانون تشغيل ذوي الإعاقة
יעד של 5% עובדים עם מוגבלות בגופים גדולים.	A 5% target for workers with disabilities in large bodies.	هدف 5% من العاملين ذوي الإعاقة في الجهات الكبيرة.
חוק התמחות בשכר	Paid Internship Law	قانون التدريب المدفوع
תשלום חובה למתמחים ולסטודנטים בעבודה מעשית.	Mandatory pay for interns and students in practical work.	أجر إلزامي للمتدربين والطلاب في العمل التطبيقي.
חוק תוספת ימי חופשה	Extra Vacation Days Law	قانون أيام إجازة إضافية
תוספת שלושה ימי חופשה שנתית לכל עובד.	Three more annual vacation days for every worker.	ثلاثة أيام إجازة سنوية إضافية لكل عامل.
חוק אכיפת זכויות עובדים	Labor Rights Enforcement Law	قانون إنفاذ حقوق العمال
תגבור מפקחי עבודה וקנסות על הלנת שכר.	More labor inspectors and fines for withheld wages.	زيادة مفتشي العمل وغرامات على تأخير الأجور.
רפורמת ההכשרה המקצועית הלאומית	National Vocational Training Reform	إصلاح التأهيل المهني الوطني
מכללות מקצועיות וקשר ישיר עם מעסיקים בכל אזור.	Vocational colleges linked directly to employers in every region.	كليات مهنية مرتبطة مباشرة بأصحاب العمل في كل منطقة.
רפורמת ההסכמים הקיבוציים	Collective Agreements Reform	إصلاح الاتفاقيات الجماعية
הרחבת הסכמים לכל ענף וחיזוק כוח המיקוח.	Extends agreements to every sector and strengthens bargaining power.	توسيع الاتفاقيات لكل قطاع وتعزيز القوة التفاوضية.
רפורמת גמישות בשוק העבודה	Labor Market Flexibility Reform	إصلاح المرونة في سوق العمل
הקלה בהעסקה ובפיטורים בשירות הציבורי.	Easier hiring and firing in the public service.	تسهيل التوظيف والفصل في الخدمة العامة.
רפורמת תעסוקת גברים חרדים	Haredi Men Employment Reform	إصلاح تشغيل الرجال الحريديم
מסלולי הכשרה ותמריצים למעסיקים ולעובדים.	Training tracks and incentives for employers and workers.	مسارات تأهيل وحوافز لأصحاب العمل والعاملين.
רפורמת תעסוקת נשים ערביות	Arab Women Employment Reform	إصلاح تشغيل النساء العربيات
מעונות, הסעות והכשרה מותאמת.	Daycare, transport and tailored training.	حضانات ومواصلات وتأهيل ملائم.
רפורמת היערכות לבינה מלאכותית	AI Transition Reform	إصلاح الاستعداد للذكاء الاصطناعي
ביטוח מעבר והסבה לעובדים שמקצועם נפגע.	Transition insurance and retraining for workers whose jobs are hit.	تأمين انتقالي وإعادة تأهيل للعمال المتضررة مهنهم.
רפורמת העובדים הזרים	Foreign Workers Reform	إصلاح العمال الأجانب
הסדרה כוללת, מכסות לפי ענף והגנה על זכויות.	Comprehensive regulation, quotas by sector and rights protection.	تنظيم شامل وحصص حسب القطاع وحماية الحقوق.
רפורמת מעונות יום חינם מגיל אפס	Free Daycare From Birth Reform	إصلاح الحضانات المجانية منذ الولادة
מעונות מסובסדים במלואם לכל הורה עובד.	Fully subsidized daycare for every working parent.	حضانات مدعومة بالكامل لكل والد عامل.
רפורמת לשכות התעסוקה	Employment Service Reform	إصلاح مكاتب التشغيل
שירות השמה אקטיבי עם יועץ אישי לכל דורש עבודה.	An active placement service with a personal advisor for every job seeker.	خدمة توظيف فعّالة مع مستشار شخصي لكل باحث عن عمل.
רפורמת השירות הציבורי	Civil Service Reform	إصلاح الخدمة العامة
מכרזים פתוחים, הערכת עובדים ושכר לפי ביצועים.	Open tenders, employee evaluation and performance pay.	مناقصات مفتوحة وتقييم العاملين وأجر حسب الأداء.
רפורמת גיל הפרישה	Retirement Age Reform	إصلاح سن التقاعد
העלאה הדרגתית של גיל הפרישה לנשים.	Gradually raises the retirement age for women.	رفع تدريجي لسن التقاعد للنساء.
רפורמת דמי אבטלה	Unemployment Benefits Reform	إصلاح مخصصات البطالة
הארכת דמי האבטלה בתנאי השתתפות בהכשרה.	Extends unemployment benefits on condition of training.	تمديد مخصصات البطالة بشرط المشاركة في التأهيل.
רפורמת ביטוח לעצמאים	Self-Employed Insurance Reform	إصلاح التأمين للعاملين لحسابهم
ביטוח אבטלה וזכויות סוציאליות לעצמאים.	Unemployment insurance and social rights for the self-employed.	تأمين بطالة وحقوق اجتماعية للعاملين لحسابهم.
רפורמת תעסוקה בפריפריה	Periphery Employment Reform	إصلاح التشغيل في الأطراف
תמריצים למעסיקים שפותחים משרות בצפון ובדרום.	Incentives for employers who open jobs in the north and south.	حوافز لأصحاب العمل الذين يفتحون وظائف في الشمال والجنوب.
רפורמת איזון בית-עבודה	Work-Life Balance Reform	إصلاح التوازن بين العمل والمنزل
הורות משותפת, חופשה לאבות ושעות גמישות.	Shared parenting, paternity leave and flexible hours.	أبوّة مشتركة وإجازة للآباء وساعات مرنة.
חוק תקציב בתי כנסת	Synagogue Funding Law	قانون ميزانية الكنس
מימון שיפוץ והנגשה של בתי כנסת.	Funds renovation and accessibility of synagogues.	تمويل ترميم الكنس وإتاحتها.
חוק פתיחת שוק הכשרות	Kashrut Market Opening Law	قانون فتح سوق الكشروت
גופי כשרות פרטיים בפיקוח הרבנות.	Private kashrut bodies under Rabbinate oversight.	هيئات كشروت خاصة تحت إشراف الحاخامية.
חוק קבורה אזרחית	Civil Burial Law	قانون الدفن المدني
בית קברות אזרחי בכל עיר גדולה.	A civil cemetery in every major city.	مقبرة مدنية في كل مدينة كبيرة.
חוק בחירת רב מחתן	Choice of Marrying Rabbi Law	قانون اختيار الحاخام المُزوِّج
הזכות להתחתן אצל כל רב מוכר בכל אזור.	The right to marry with any recognized rabbi in any region.	الحق في الزواج عند أي حاخام معترف به في أي منطقة.
חוק מקוואות	Ritual Baths Law	قانون المغاطس الطقسية
בנייה ושיפוץ מקוואות בכל היישובים.	Builds and renovates mikvaot in every community.	بناء وترميم المغاطس الطقسية في كل البلدات.
חוק שירותי דת לעדות הלא-יהודיות	Non-Jewish Religious Services Law	قانون الخدمات الدينية للطوائف غير اليهودية
תקציב שוויוני למוסדות דת מוסלמים, נוצרים ודרוזים.	Equal funding for Muslim, Christian and Druze institutions.	ميزانية متساوية للمؤسسات الدينية الإسلامية والمسيحية والدرزية.
חוק הסדרת מעמד הרבנים המקומיים	Local Rabbis Appointment Law	قانون تعيين الحاخامات المحليين
מינוי רבנים בכל השכונות והיישובים.	Appoints rabbis in every neighborhood and community.	تعيين حاخامات في كل الأحياء والبلدات.
חוק שקיפות במועצות הדתיות	Religious Councils Transparency Law	قانون الشفافية في المجالس الدينية
פרסום תקציבים ומינויים במועצות הדתיות.	Publishes budgets and appointments of religious councils.	نشر الميزانيات والتعيينات في المجالس الدينية.
חוק סרבנות גט	Get Refusal Law	قانون رفض الطلاق الديني
סנקציות מחמירות על מסרבי גט.	Harsher sanctions on men who refuse to grant a divorce.	عقوبات أشد على رافضي منح الطلاق الديني.
חוק כשרות במוסדות ממשלה	Kashrut in Government Institutions Law	قانون الكشروت في مؤسسات الحكومة
כשרות מחייבת בכל מוסדות הממשלה והצבא.	Mandatory kashrut in all government and army institutions.	كشروت إلزامي في جميع مؤسسات الحكومة والجيش.
חוק הנגשת אתרים קדושים	Holy Sites Accessibility Law	قانون إتاحة الأماكن المقدسة
נגישות ושירותים באתרי קברי צדיקים.	Accessibility and facilities at holy tomb sites.	إتاحة وخدمات في مواقع قبور الصديقين.
חוק טוענות רבניות בכירות	Women in Rabbinical Courts Law	قانون النساء في المحاكم الحاخامية
מינוי נשים לתפקידים בכירים במערכת בתי הדין.	Appoints women to senior roles in the rabbinical court system.	تعيين نساء في مناصب عليا في منظومة المحاكم الحاخامية.
חוק תחזוקת בתי עלמין	Cemetery Maintenance Law	قانون صيانة المقابر
תקציב קבוע לתחזוקת בתי העלמין.	A fixed budget for cemetery maintenance.	ميزانية ثابتة لصيانة المقابر.
חוק גיור ממלכתי מקל	Easier State Conversion Law	قانون التهود الحكومي الميسّر
הרחבת בתי הדין לגיור והקלה בהליך.	More conversion courts and a simpler process.	زيادة محاكم التهود وتسهيل الإجراء.
חוק מלגות לאברכים	Kollel Students Stipend Law	قانون منح طلاب المعاهد الدينية
קצבה חודשית לאברכים בכוללים.	A monthly stipend for kollel students.	مخصص شهري لطلاب المعاهد الدينية.
רפורמת הנישואין האזרחיים	Civil Marriage Reform	إصلاح الزواج المدني
נישואין וגירושין אזרחיים לכל מי שבוחר בכך.	Civil marriage and divorce for anyone who chooses it.	زواج وطلاق مدنيان لكل من يختار ذلك.
רפורמת הכשרות	Kashrut Reform	إصلاح الكشروت
ביטול המונופול, תחרות בין גופי כשרות ופיקוח מדינה.	Ends the monopoly, competition between kashrut bodies and state oversight.	إنهاء الاحتكار ومنافسة بين هيئات الكشروت ورقابة الدولة.
רפורמת הגיור	Conversion Reform	إصلاح التهود
הסמכה לרבני ערים לגייר, בפיקוח ממלכתי.	Authorizes city rabbis to convert, under state oversight.	تخويل حاخامات المدن بالتهويد تحت إشراف حكومي.
רפורמת חיזוק הרבנות הראשית	Chief Rabbinate Empowerment Reform	إصلاح تعزيز الحاخامية الرئيسية
הרחבת סמכויות הרבנות ובתי הדין הרבניים.	Expands the powers of the Rabbinate and rabbinical courts.	توسيع صلاحيات الحاخامية والمحاكم الحاخامية.
רפורמת פירוק המועצות הדתיות	Religious Councils Dissolution Reform	إصلاح حل المجالس الدينية
העברת שירותי הדת לרשויות המקומיות.	Moves religious services to local authorities.	نقل الخدمات الدينية إلى السلطات المحلية.
רפורמת מתווה הכותל	Western Wall Compromise Reform	إصلاح مخطط الحائط الغربي
רחבת תפילה מסודרת לכל הזרמים.	A dedicated prayer plaza for all streams.	ساحة صلاة منظمة لجميع التيارات.
רפורמת חופש הקבורה	Burial Freedom Reform	إصلاح حرية الدفن
קבורה אזרחית וחלופות קבורה בכל עיר.	Civil burial and burial alternatives in every city.	دفن مدني وبدائل دفن في كل مدينة.
רפורמת שוויון בבתי הדין הרבניים	Rabbinical Courts Equality Reform	إصلاح المساواة في المحاكم الحاخامية
דיינות ומינוי נשים בבתי הדין.	Women judges and appointments in rabbinical courts.	قاضيات وتعيين نساء في المحاكم الحاخامية.
רפורמת שירותי הדת בשכונות החדשות	New Neighborhoods Religious Services Reform	إصلاح الخدمات الدينية في الأحياء الجديدة
בית כנסת, מקווה ורב בכל שכונה חדשה.	A synagogue, mikveh and rabbi in every new neighborhood.	كنيس ومغطس وحاخام في كل حي جديد.
רפורמת שוויון בשירותי דת	Religious Services Equality Reform	إصلاح المساواة في الخدمات الدينية
תקציב ושירותים שווים לכל העדות הדתיות.	Equal budgets and services for all religious communities.	ميزانيات وخدمات متساوية لجميع الطوائف الدينية.
רפורמת הכרה בזרמים	Recognition of Streams Reform	إصلاح الاعتراف بالتيارات
הכרה רשמית ומימון לזרם הרפורמי והקונסרבטיבי.	Official recognition and funding for Reform and Conservative streams.	اعتراف رسمي وتمويل للتيارين الإصلاحي والمحافظ.
רפורמת עולם התורה	Torah World Reform	إصلاح عالم التوراة
תקציב קבוע לישיבות ולכוללים.	A fixed budget for yeshivas and kollels.	ميزانية ثابتة للمدارس الدينية والمعاهد.
רפורמת יהדות משותפת	Shared Judaism Reform	إصلاح اليهودية المشتركة
תוכנית לימוד יהדות פלורליסטית לציבור הרחב.	A pluralistic Jewish studies program for the general public.	برنامج تعليم يهودي تعددي لعامة الجمهور.
רפורמת "ברית זוגיות" לחסרי דת	Union for the Unaffiliated Reform	إصلاح "اتحاد زوجي" لعديمي الانتماء الديني
מסלול זוגיות אזרחי למי שאינם רשומים כבני דת.	A civil union track for those registered without religion.	مسار زوجي مدني للمسجلين بلا دين.
רפורמת שירותי דת לחיילים ולמשפחות	Religious Services for Soldiers and Families Reform	إصلاح الخدمات الدينية للجنود والعائلات
רבנות צבאית מחוזקת וליווי משפחות שכולות.	A stronger military rabbinate and support for bereaved families.	حاخامية عسكرية معززة ومرافقة العائلات الثكلى.
חוק מענק בירה לירושלים	Jerusalem Capital Grant Law	قانون منحة العاصمة للقدس
מענק שנתי לעירייה לשירותים ולתשתיות.	An annual grant to the city for services and infrastructure.	منحة سنوية للبلدية للخدمات والبنية التحتية.
חוק העברת יחידות ממשלה לירושלים	Government Units to Jerusalem Law	قانون نقل وحدات حكومية إلى القدس
העברת יחידות ממשלה נוספות לעיר.	Moves more government units to the city.	نقل وحدات حكومية إضافية إلى المدينة.
חוק עידוד הייטק בירושלים	Jerusalem High-Tech Incentive Law	قانون تشجيع التكنولوجيا العالية في القدس
הטבות מס לחברות טכנולוגיה שעוברות לעיר.	Tax benefits for tech companies that move to the city.	امتيازات ضريبية لشركات التكنولوجيا التي تنتقل إلى المدينة.
חוק דיור לסטודנטים בירושלים	Jerusalem Student Housing Law	قانون سكن الطلاب في القدس
מעונות סטודנטים ומלגת מגורים בעיר.	Student dorms and a housing grant in the city.	مساكن طلابية ومنحة سكن في المدينة.
חוק קווי רכבת קלה בירושלים	Jerusalem Light Rail Lines Law	قانون خطوط القطار الخفيف في القدس
הקמת קווים נוספים של הרכבת הקלה.	Builds more light rail lines.	إنشاء خطوط إضافية للقطار الخفيف.
חוק שירותים במזרח ירושלים	East Jerusalem Services Law	قانون الخدمات في القدس الشرقية
השקעה בחינוך, בכבישים ובתשתיות במזרח העיר.	Investment in education, roads and infrastructure in the east of the city.	استثمار في التعليم والطرق والبنية التحتية في شرق المدينة.
חוק אתרי מורשת בירושלים	Jerusalem Heritage Sites Law	قانون مواقع التراث في القدس
שימור ופיתוח אתרי מורשת בעיר העתיקה.	Preserves and develops heritage sites in the Old City.	الحفاظ على مواقع التراث في البلدة القديمة وتطويرها.
חוק בנייה לגובה בירושלים	Jerusalem High-Rise Building Law	قانون البناء العالي في القدس
הקלות לבנייה לגובה במרכז העיר.	Eases high-rise building in the city center.	تسهيلات للبناء العالي في مركز المدينة.
חוק תרבות ואירועים בירושלים	Jerusalem Culture and Events Law	قانون الثقافة والفعاليات في القدس
מימון פסטיבלים ואירועי תרבות בעיר.	Funds festivals and cultural events in the city.	تمويل المهرجانات والفعاليات الثقافية في المدينة.
חוק פארק המסילה והגנים	Jerusalem Parks Law	قانون الحدائق في القدس
הרחבת שטחים ירוקים ושבילים בעיר.	Expands green spaces and paths in the city.	توسيع المساحات الخضراء والمسارات في المدينة.
חוק ביטחון בירושלים	Jerusalem Security Law	قانون الأمن في القدس
תגבור כוחות ביטחון ומצלמות בעיר.	More security forces and cameras in the city.	تعزيز قوات الأمن والكاميرات في المدينة.
חוק תיירות בירושלים	Jerusalem Tourism Law	قانون السياحة في القدس
קידום תיירות ומלונות בעיר.	Promotes tourism and hotels in the city.	تعزيز السياحة والفنادق في المدينة.
חוק מענק משפחות צעירות בירושלים	Young Families Jerusalem Grant Law	قانون منحة العائلات الشابة في القدس
מענק למשפחות צעירות שעוברות לעיר.	A grant for young families who move to the city.	منحة للعائلات الشابة التي تنتقل إلى المدينة.
חוק מורשת ישראל בבתי הספר	Israeli Heritage in Schools Law	قانون التراث في المدارس
סיורים ותוכניות לימוד על מורשת העיר.	Tours and curricula about the city's heritage.	جولات ومناهج عن تراث المدينة.
חוק נתיבי תחבורה ציבורית בירושלים	Jerusalem Bus Lanes Law	قانون مسارات الحافلات في القدس
נתיבים ייעודיים בכל הצירים הראשיים.	Dedicated lanes on all main routes.	مسارات مخصصة على جميع المحاور الرئيسية.
רפורמת "ירושלים צומחת"	"Jerusalem Grows" Reform	إصلاح "القدس تنمو"
תוכנית חומש לתעסוקה, דיור וצמצום העזיבה מהעיר.	A five-year plan for jobs, housing and fewer people leaving the city.	خطة خمسية للتشغيل والسكن وتقليل الهجرة من المدينة.
רפורמת צמצום הפערים במזרח ירושלים	East Jerusalem Gaps Reform	إصلاح تقليص الفجوات في القدس الشرقية
תוכנית רב-שנתית לחינוך, תעסוקה ותשתיות.	A multi-year plan for education, jobs and infrastructure.	خطة متعددة السنوات للتعليم والتشغيل والبنية التحتية.
רפורמת "ירושלים רבתי"	"Greater Jerusalem" Reform	إصلاح "القدس الكبرى"
הרחבת גבולות העיר ליישובים הסמוכים.	Expands the city's boundaries to nearby communities.	توسيع حدود المدينة لتشمل البلدات المجاورة.
רפורמת התחבורה בירושלים	Jerusalem Transport Reform	إصلاح النقل في القدس
רכבת מהירה לתל אביב ומערך רכבות קלות מלא.	A fast train to Tel Aviv and a full light rail network.	قطار سريع إلى تل أبيب وشبكة قطارات خفيفة كاملة.
רפורמת רובע החדשנות	Innovation District Reform	إصلاح حي الابتكار
מתחם הייטק ומחקר עם מעונות ומגורים.	A high-tech and research hub with dorms and housing.	مجمع تكنولوجيا وبحث مع مساكن طلابية وسكن.
רפורמת העיר העתיקה	Old City Reform	إصلاح البلدة القديمة
שימור, נגישות ופיתוח תיירותי בעיר העתיקה.	Preservation, accessibility and tourism development in the Old City.	الحفاظ والإتاحة والتطوير السياحي في البلدة القديمة.
רפורמת הדיור בירושלים	Jerusalem Housing Reform	إصلاح السكن في القدس
תוכנית לבניית 50 אלף דירות בעיר.	A plan to build 50,000 homes in the city.	خطة لبناء 50 ألف شقة في المدينة.
רפורמת ירושלים עיר אקדמית	Jerusalem Academic City Reform	إصلاح القدس مدينة أكاديمية
הרחבת האוניברסיטאות ומלגות לסטודנטים שנשארים בעיר.	Expands universities and grants students who stay in the city.	توسيع الجامعات ومنح للطلاب الذين يبقون في المدينة.
רפורמת חיים משותפים בירושלים	Shared Life in Jerusalem Reform	إصلاح الحياة المشتركة في القدس
מרכזים משותפים, שפה ותעסוקה לכל תושבי העיר.	Shared centers, language and jobs for all city residents.	مراكز مشتركة ولغة وتشغيل لجميع سكان المدينة.
רפורמת דיור לציבור החרדי בירושלים	Haredi Housing in Jerusalem Reform	إصلاح السكن للحريديم في القدس
שכונות חדשות לחרדים בעיר.	New neighborhoods for Haredim in the city.	أحياء جديدة للحريديم في المدينة.
רפורמת קריית הממשלה	Government Campus Reform	إصلاح المجمع الحكومي
ריכוז כל משרדי הממשלה בקריה אחת בירושלים.	All ministries concentrated in one campus in Jerusalem.	تجميع كل الوزارات في مجمع واحد في القدس.
רפורמת תיירות לירושלים	Jerusalem Tourism Reform	إصلاح السياحة للقدس
מלונות חדשים, מרכז כנסים וקמפיין עולמי.	New hotels, a convention center and a global campaign.	فنادق جديدة ومركز مؤتمرات وحملة عالمية.
רפורמת ירושלים ירוקה	Green Jerusalem Reform	إصلاح القدس الخضراء
טבעת ירוקה, פארקים ושמירה על הרי ירושלים.	A green ring, parks and protection of the Jerusalem hills.	حزام أخضر وحدائق وحماية جبال القدس.
רפורמת הביטחון האישי בירושלים	Personal Security in Jerusalem Reform	إصلاح الأمن الشخصي في القدس
שיטור קהילתי ותגבור כוחות בכל השכונות.	Community policing and more forces in every neighborhood.	شرطة مجتمعية وتعزيز القوات في كل الأحياء.
רפורמת מוזיאון המורשת הלאומי	National Heritage Museum Reform	إصلاح متحف التراث الوطني
מוזיאון לאומי למורשת ישראל בירושלים.	A national museum of Jewish heritage in Jerusalem.	متحف وطني للتراث اليهودي في القدس.
חוק חפירות ארכיאולוגיות	Archaeological Excavations Law	قانون الحفريات الأثرية
תקציב קבוע לחפירות ולשימור ממצאים.	A fixed budget for excavations and preserving finds.	ميزانية ثابتة للحفريات والحفاظ على المكتشفات.
חוק שימור מבנים היסטוריים	Historic Buildings Preservation Law	قانون الحفاظ على المباني التاريخية
מענקים לשימור מבנים לשימור בערים.	Grants to preserve listed buildings in cities.	منح للحفاظ على المباني التاريخية في المدن.
חוק מסע מורשת לכל תלמיד	Heritage Trip for Every Pupil Law	قانون رحلة التراث لكل طالب
סיור מורשת חינם לכל תלמיד תיכון.	A free heritage tour for every high school pupil.	جولة تراثية مجانية لكل طالب ثانوي.
חוק הגנה על אתרי מורשת ביהודה ושומרון	Heritage Sites in Judea and Samaria Law	قانون حماية مواقع التراث في يهودا والسامرة
פיקוח ממלכתי על אתרים ארכיאולוגיים בשטח.	State supervision of archaeological sites in the area.	إشراف حكومي على المواقع الأثرية في المنطقة.
חוק דיגיטציה של ארכיונים	Archives Digitization Law	قانون رقمنة الأرشيفات
סריקה והנגשה של ארכיונים היסטוריים לציבור.	Scans historic archives and makes them public.	مسح الأرشيفات التاريخية وإتاحتها للجمهور.
חוק תיעוד עדויות ניצולים	Survivor Testimonies Law	قانون توثيق شهادات الناجين
תיעוד ושימור עדויות של ניצולי שואה.	Records and preserves testimonies of Holocaust survivors.	توثيق والحفاظ على شهادات الناجين من المحرقة.
חוק אתרי מורשת בפריפריה	Periphery Heritage Sites Law	قانون مواقع التراث في الأطراف
פיתוח אתרי מורשת ציונית בגליל ובנגב.	Develops Zionist heritage sites in the Galilee and Negev.	تطوير مواقع التراث الصهيوني في الجليل والنقب.
חוק המאבק בשוד עתיקות	Antiquities Looting Law	قانون مكافحة نهب الآثار
ענישה מחמירה על שוד וסחר בעתיקות.	Harsher penalties for looting and trading antiquities.	عقوبات أشد على نهب الآثار والاتجار بها.
חוק מורשת קהילות ישראל	Jewish Communities Heritage Law	قانون تراث الطوائف اليهودية
הנצחת מורשת יהודי המזרח ואתיופיה בתוכניות הלימודים.	Commemorates Mizrahi and Ethiopian Jewish heritage in curricula.	تخليد تراث يهود الشرق وإثيوبيا في المناهج.
חוק שיקום בתי כנסת עתיקים	Ancient Synagogues Restoration Law	قانون ترميم الكنس القديمة
שחזור בתי כנסת היסטוריים.	Restores historic synagogues.	ترميم الكنس التاريخية.
חוק מורשת קרב	Battle Heritage Law	قانون تراث المعارك
אתרי הנצחה לקרבות ולגבורה מהמלחמות האחרונות.	Memorial sites for battles and heroism in recent wars.	مواقع تخليد للمعارك والبطولات في الحروب الأخيرة.
חוק מדריכי מורשת	Heritage Guides Law	قانون مرشدي التراث
הכשרת מדריכים לאתרי מורשת.	Trains guides for heritage sites.	تأهيل مرشدين لمواقع التراث.
חוק שימור מורשת כל העדות	All Communities Heritage Law	قانون الحفاظ على تراث جميع الطوائف
שימור מבנים ואתרים של כל העדות.	Preserves buildings and sites of all communities.	الحفاظ على مباني ومواقع جميع الطوائف.
חוק יום המורשת הלאומי	National Heritage Day Law	قانون يوم التراث الوطني
יום מורשת עם כניסה חינם לאתרים.	A heritage day with free entry to sites.	يوم تراث مع دخول مجاني للمواقع.
חוק מפת מורשת דיגיטלית	Digital Heritage Map Law	قانون خريطة التراث الرقمية
אפליקציה לאומית לאתרי מורשת.	A national app for heritage sites.	تطبيق وطني لمواقع التراث.
רפורמת אתרי המורשת הלאומיים	National Heritage Sites Reform	إصلاح مواقع التراث الوطنية
תוכנית רב-שנתית לשיקום ולפיתוח 100 אתרים.	A multi-year plan to restore and develop 100 sites.	خطة متعددة السنوات لترميم وتطوير 100 موقع.
רפורמת רשות העתיקות	Antiquities Authority Reform	إصلاح سلطة الآثار
הרחבת סמכויות ותקציב לרשות העתיקות בכל השטחים.	Wider powers and budget for the Antiquities Authority in all areas.	توسيع صلاحيات وميزانية سلطة الآثار في جميع المناطق.
רפורמת חינוך למורשת	Heritage Education Reform	إصلاح التعليم للتراث
תוכנית לימוד מורשת חובה בכל בתי הספר.	A mandatory heritage curriculum in every school.	منهج تراث إلزامي في جميع المدارس.
רפורמת זיכרון השואה	Holocaust Remembrance Reform	إصلاح ذكرى المحرقة
מרכזי הנצחה ותוכניות לדורות הבאים.	Memorial centers and programs for future generations.	مراكز تخليد وبرامج للأجيال القادمة.
רפורמת מורשת עירונית	Urban Heritage Reform	إصلاح التراث الحضري
שימור שכונות היסטוריות והתחדשות שמכבדת אותן.	Preserves historic neighborhoods with renewal that respects them.	الحفاظ على الأحياء التاريخية مع تجديد يحترمها.
רפורמת תיירות מורשת	Heritage Tourism Reform	إصلاح السياحة التراثية
חיבור אתרי מורשת למסלולים תיירותיים.	Connects heritage sites to tourist routes.	ربط مواقع التراث بمسارات سياحية.
רפורמת מורשת יהדות התפוצות	Diaspora Jewry Heritage Reform	إصلاح تراث يهود الشتات
מוזיאונים ותוכניות למורשת קהילות העולם.	Museums and programs for the heritage of world communities.	متاحف وبرامج لتراث الجاليات في العالم.
רפורמת מורשת דיגיטלית	Digital Heritage Reform	إصلاح التراث الرقمي
ארכיון דיגיטלי לאומי ופתיחת אוספים לציבור.	A national digital archive and collections opened to the public.	أرشيف رقمي وطني وفتح المجموعات للجمهور.
רפורמת מורשת משותפת	Shared Heritage Reform	إصلاح التراث المشترك
הכרה ושימור במורשת של כל קבוצות האוכלוסייה.	Recognizes and preserves the heritage of every population group.	الاعتراف بتراث جميع الفئات السكانية والحفاظ عليه.
רפורמת מוזיאון ההיסטוריה הלאומי	National History Museum Reform	إصلاح متحف التاريخ الوطني
מוזיאון לאומי לתולדות העם והמדינה.	A national museum of the people's and state's history.	متحف وطني لتاريخ الشعب والدولة.
רפורמת שותפות פרטית בשימור	Private Partnership in Preservation Reform	إصلاح الشراكة الخاصة في الحفاظ
תמריצי מס לתורמים לשימור אתרים.	Tax incentives for donors to site preservation.	حوافز ضريبية للمتبرعين للحفاظ على المواقع.
רפורמת הנצחת 7 באוקטובר	October 7 Commemoration Reform	إصلاح تخليد أحداث 7 أكتوبر
מרכז לאומי להנצחה ולתיעוד אירועי השבעה באוקטובר.	A national center to commemorate and document the October 7 events.	مركز وطني لتخليد وتوثيق أحداث السابع من أكتوبر.
רפורמת ספריית כתבי היד	Manuscripts Library Reform	إصلاح مكتبة المخطوطات
שימור ופרסום כתבי יד עבריים מכל העולם.	Preserves and publishes Hebrew manuscripts from around the world.	الحفاظ على المخطوطات العبرية من أنحاء العالم ونشرها.
רפורמת שנת מורשת לנוער	Youth Heritage Year Reform	إصلاح سنة التراث للشباب
שנת שירות בשימור ובהדרכה באתרי מורשת.	A service year in preservation and guiding at heritage sites.	سنة خدمة في الحفاظ والإرشاد في مواقع التراث.
רפורמת מסלולי מורשת אזוריים	Regional Heritage Routes Reform	إصلاح مسارات التراث الإقليمية
מסלולי מורשת וטבע מחברים בין יישובים.	Heritage and nature routes connecting communities.	مسارات تراث وطبيعة تربط بين البلدات.
חוק הטבות מס ליישובי הפריפריה	Periphery Tax Benefits Law	قانون الامتيازات الضريبية لبلدات الأطراف
הרחבת ההטבה במס הכנסה לתושבי הנגב והגליל.	Expands the income tax benefit for Negev and Galilee residents.	توسيع الإعفاء من ضريبة الدخل لسكان النقب والجليل.
חוק רופא מומחה בכל עיר פריפריה	Specialist in Every Periphery City Law	قانون طبيب مختص في كل مدينة في الأطراف
מרפאות מומחים קבועות בכל עיר בפריפריה.	Permanent specialist clinics in every periphery city.	عيادات مختصين دائمة في كل مدينة في الأطراف.
חוק אזורי עדיפות לאומית	National Priority Areas Law	قانون مناطق الأفضلية الوطنية
עדכון המפה והטבות למפעלים באזורי עדיפות.	Updates the map and benefits for factories in priority areas.	تحديث الخريطة وامتيازات للمصانع في مناطق الأفضلية.
חוק מלגות לסטודנטים בפריפריה	Periphery Student Scholarships Law	قانون منح الطلاب في الأطراف
מלגה מלאה לסטודנטים שלומדים בנגב ובגליל.	Full scholarships for students studying in the Negev and Galilee.	منحة كاملة للطلاب الذين يدرسون في النقب والجليل.
חוק הנחה בקרקע לזוגות צעירים בפריפריה	Discounted Land for Young Couples Law	قانون خصم على الأرض للأزواج الشباب في الأطراف
קרקע בהנחה למי שבונה בית בנגב ובגליל.	Discounted land for those who build a home in the Negev and Galilee.	أرض بخصم لمن يبني بيتًا في النقب والجليل.
חוק תחבורה ציבורית בין יישובי הפריפריה	Periphery Transit Links Law	قانون المواصلات العامة بين بلدات الأطراف
קווים תכופים בין היישובים לערים המרכזיות.	Frequent lines between communities and central cities.	خطوط متكررة بين البلدات والمدن المركزية.
חוק חוסן ליישובי הגבול	Border Communities Resilience Law	قانون المنعة لبلدات الحدود
מרכזי חוסן ומיגון בכל יישובי הצפון והדרום.	Resilience centers and protection in every northern and southern community.	مراكز منعة وتحصين في كل بلدات الشمال والجنوب.
חוק אינטרנט מהיר בנגב ובגליל	Fast Internet in the Negev and Galilee Law	قانون الإنترنت السريع في النقب والجليل
פריסת סיבים בכל היישובים.	Fiber in every community.	مد الألياف في كل البلدات.
חוק בית ספר לרפואה בגליל	Galilee Medical School Law	قانون كلية الطب في الجليل
הרחבת הפקולטה לרפואה והתמחויות בגליל.	Expands the medical faculty and residencies in the Galilee.	توسيع كلية الطب والتخصصات في الجليل.
חוק קרן לעסקים בפריפריה	Periphery Business Fund Law	قانون صندوق الأعمال في الأطراف
הלוואות בתנאים מועדפים לעסקים בנגב ובגליל.	Preferential loans for businesses in the Negev and Galilee.	قروض بشروط تفضيلية للأعمال في النقب والجليل.
חוק תרבות בפריפריה	Periphery Culture Law	قانون الثقافة في الأطراف
מימון מופעים ופעילות תרבות ביישובים.	Funds shows and cultural activity in communities.	تمويل العروض والنشاطات الثقافية في البلدات.
חוק פיתוח היישובים הבדואים	Bedouin Towns Development Law	قانون تطوير البلدات البدوية
תשתיות, חינוך ותעסוקה ביישובים הבדואיים.	Infrastructure, education and jobs in Bedouin towns.	بنية تحتية وتعليم وتشغيل في البلدات البدوية.
חוק עידוד מגורים בגליל	Galilee Relocation Incentive Law	قانون تشجيع السكن في الجليل
מענק מעבר למשפחות שעוברות לגליל.	A relocation grant for families moving to the Galilee.	منحة انتقال للعائلات التي تنتقل إلى الجليل.
חוק רפואה דחופה בפריפריה	Periphery Urgent Care Law	قانون الطب الطارئ في الأطراف
מוקדי רפואה דחופה פתוחים 24 שעות.	Urgent care centers open 24 hours.	مراكز طب طارئ مفتوحة 24 ساعة.
חוק מורים מצוינים לפריפריה	Excellent Teachers for the Periphery Law	قانون معلمون متميزون للأطراف
מענקים למורים מצטיינים שעוברים לפריפריה.	Grants for outstanding teachers who move to the periphery.	منح للمعلمين المتميزين الذين ينتقلون إلى الأطراف.
רפורמת "נגב 2035"	"Negev 2035" Reform	إصلاح "النقب 2035"
תוכנית לאומית להכפלת אוכלוסיית הנגב.	A national plan to double the Negev's population.	خطة وطنية لمضاعفة عدد سكان النقب.
רפורמת "גליל 2035"	"Galilee 2035" Reform	إصلاح "الجليل 2035"
תעסוקה, דיור ותחבורה להפיכת הגליל למרכז צמיחה.	Jobs, housing and transport to make the Galilee a growth center.	تشغيل وسكن ومواصلات لتحويل الجليل إلى مركز نمو.
רפורמת שיקום הצפון	Northern Recovery Reform	إصلاح إعادة إعمار الشمال
שיקום יישובי קו העימות אחרי המלחמה.	Rebuilds frontline communities after the war.	إعادة إعمار بلدات خط المواجهة بعد الحرب.
רפורמת שיקום עוטף עזה	Gaza Envelope Recovery Reform	إصلاح إعادة إعمار غلاف غزة
תוכנית רב-שנתית לשיקום ולצמיחה של יישובי העוטף.	A multi-year plan to rebuild and grow the Gaza-border communities.	خطة متعددة السنوات لإعادة إعمار وتنمية بلدات الغلاف.
רפורמת מוקדי תעסוקה בפריפריה	Periphery Employment Hubs Reform	إصلاح مراكز التشغيل في الأطراف
פארקי הייטק ותעשייה בבאר שבע, כרמיאל וקריית שמונה.	Tech and industry parks in Beersheba, Karmiel and Kiryat Shmona.	مجمعات تكنولوجيا وصناعة في بئر السبع وكرميئيل وكريات شمونة.
רפורמת הסדרת ההתיישבות הבדואית	Bedouin Settlement Regularization Reform	إصلاح تسوية الاستيطان البدوي
הכרה, תכנון ותשתיות בתמורה להסדרת קרקעות.	Recognition, planning and infrastructure in exchange for land settlement.	اعتراف وتخطيط وبنية تحتية مقابل تسوية الأراضي.
רפורמת חיבור הפריפריה במסילות	Periphery Rail Link Reform	إصلاح ربط الأطراف بالسكك الحديدية
רכבת מהירה לנגב ולגליל העליון.	A fast train to the Negev and Upper Galilee.	قطار سريع إلى النقب والجليل الأعلى.
רפורמת אוניברסיטה בגליל	Galilee University Reform	إصلاح جامعة في الجليل
הקמת אוניברסיטה מלאה בגליל.	Establishes a full university in the Galilee.	إنشاء جامعة كاملة في الجليل.
רפורמת בריאות בנגב ובגליל	Negev and Galilee Health Reform	إصلاح الصحة في النقب والجليل
בית חולים חדש ושדרוג השירותים הרפואיים.	A new hospital and upgraded medical services.	مستشفى جديد وتحديث الخدمات الطبية.
רפורמת מענקי איזון לפריפריה	Periphery Equalization Grants Reform	إصلاح منح الموازنة للأطراف
תוספת קבועה לתקציבי הרשויות בפריפריה.	A permanent addition to periphery authorities' budgets.	زيادة دائمة لميزانيات السلطات في الأطراف.
רפורמת העברת מוסדות לפריפריה	Institutions to the Periphery Reform	إصلاح نقل المؤسسات إلى الأطراف
העברת מטות של גופים ממשלתיים לנגב ולגליל.	Moves government body headquarters to the Negev and Galilee.	نقل مقرات هيئات حكومية إلى النقب والجليل.
רפורמת הנגב כמעצמת אנרגיה	Negev Energy Powerhouse Reform	إصلاح النقب قوة طاقة
שדות סולאריים ואגירה בנגב עם הכנסות לתושבים.	Solar fields and storage in the Negev with revenues for residents.	حقول شمسية وتخزين في النقب مع عائدات للسكان.
רפורמת שותפות יהודית-ערבית בגליל	Galilee Jewish-Arab Partnership Reform	إصلاح الشراكة اليهودية العربية في الجليل
פרויקטים משותפים בתעסוקה ובחינוך.	Joint projects in employment and education.	مشاريع مشتركة في التشغيل والتعليم.
רפורמת תיירות ונופש בפריפריה	Periphery Tourism Reform	إصلاح السياحة والاستجمام في الأطراف
פיתוח תיירות טבע ומלונות בנגב ובגליל.	Develops nature tourism and hotels in the Negev and Galilee.	تطوير سياحة الطبيعة والفنادق في النقب والجليل.
רפורמת יישובים חדשים	New Communities Reform	إصلاح بلدات جديدة
הקמת יישובים חדשים בנגב ובגליל.	Establishes new communities in the Negev and Galilee.	إنشاء بلدات جديدة في النقب والجليل.
חוק הגדלת סל הקליטה	Absorption Basket Increase Law	قانون زيادة سلة الاستيعاب
תוספת לסל הקליטה לעולים חדשים.	A bigger absorption basket for new immigrants.	زيادة سلة الاستيعاب للمهاجرين الجدد.
חוק לימודים אקדמיים חינם לעולים	Free University for Olim Law	قانون الدراسة الأكاديمية المجانية للمهاجرين
מימון תואר ראשון לעולים צעירים.	Funds a first degree for young immigrants.	تمويل الشهادة الأولى للمهاجرين الشباب.
חוק הכרה מהירה בתעודות מקצוע	Fast Professional License Recognition Law	قانون الاعتراف السريع بالشهادات المهنية
הכרה תוך חצי שנה ברופאים ובמהנדסים עולים.	Recognizes immigrant doctors and engineers within six months.	الاعتراف بالأطباء والمهندسين المهاجرين خلال ستة أشهر.
חוק אולפן מורחב	Extended Ulpan Law	قانون الأولبان الموسّع
הארכת האולפן ושיעורי עברית בערב.	A longer ulpan and evening Hebrew classes.	تمديد الأولبان ودروس عبرية مسائية.
חוק דיור מוגן לעולים קשישים	Assisted Living for Elderly Olim Law	قانون السكن المحمي للمهاجرين المسنين
דיור מוגן לעולים בגיל פרישה.	Assisted living for immigrants of retirement age.	سكن محمي للمهاجرين في سن التقاعد.
חוק פנסיה לעולים ותיקים	Pension for Veteran Olim Law	قانون المعاش للمهاجرين القدامى
השלמת פנסיה לעולים שלא צברו זכויות.	A pension supplement for immigrants who didn't accumulate rights.	استكمال المعاش للمهاجرين الذين لم يجمعوا حقوقًا.
חוק קליטת יוצאי אתיופיה	Ethiopian Immigrants Integration Law	قانون استيعاب يهود إثيوبيا
תוכנית ייעודית לחינוך ולתעסוקה.	A dedicated education and employment program.	برنامج مخصص للتعليم والتشغيل.
חוק מוקד אחד לעולה	One-Stop Shop for Olim Law	قانون مركز واحد للمهاجر
כל השירותים לעולה במוקד אחד ובשפתו.	All immigrant services in one center and in their language.	جميع خدمات المهاجر في مركز واحد وبلغته.
חוק עידוד יזמות עולים	Olim Entrepreneurship Law	قانون تشجيع ريادة أعمال المهاجرين
הלוואות והטבות לעולים שפותחים עסק.	Loans and benefits for immigrants who open a business.	قروض وامتيازات للمهاجرين الذين يفتحون عملًا.
חוק הסדרת מעמד בני משפחה	Family Members Status Law	قانون تنظيم وضع أفراد العائلة
הליך מהיר לבני זוג וילדים של עולים.	A fast procedure for spouses and children of immigrants.	إجراء سريع لأزواج وأبناء المهاجرين.
חוק מענק עולים לפריפריה	Periphery Grant for Olim Law	قانون منحة المهاجرين للأطراف
מענק לעולים שבוחרים לגור בפריפריה.	A grant for immigrants who choose to live in the periphery.	منحة للمهاجرين الذين يختارون السكن في الأطراف.
חוק ליווי חיילים בודדים	Lone Soldiers Support Law	قانون دعم الجنود الوحيدين
דיור, מענק וליווי לחיילים בודדים.	Housing, grants and mentoring for lone soldiers.	سكن ومنحة ومرافقة للجنود الوحيدين.
חוק מידע לעולים בשפות	Multilingual Information for Olim Law	قانون المعلومات للمهاجرين بلغات متعددة
כל אתרי הממשלה גם ברוסית, אנגלית, צרפתית ואמהרית.	All government sites also in Russian, English, French and Amharic.	جميع مواقع الحكومة أيضًا بالروسية والإنجليزية والفرنسية والأمهرية.
חוק הכרה בשירות צבאי מחו״ל	Foreign Military Service Recognition Law	قانون الاعتراف بالخدمة العسكرية في الخارج
הכרה בשירות צבאי במדינות המוצא לצורכי זכויות.	Recognizes military service abroad for benefits.	الاعتراف بالخدمة العسكرية في بلدان الأصل لأغراض الحقوق.
חוק פטור ממס לעולים בעשור הראשון	Tax Exemption for Olim's First Decade Law	قانون الإعفاء الضريبي للمهاجرين في العقد الأول
הארכת הטבות המס לעולים.	Extends tax benefits for immigrants.	تمديد الامتيازات الضريبية للمهاجرين.
רפורמת עלייה מצרפת וממערב אירופה	Aliyah From France and Western Europe Reform	إصلاح الهجرة من فرنسا وأوروبا الغربية
תוכנית מקיפה להבאת עולים ולקליטתם.	A comprehensive plan to bring and absorb immigrants.	خطة شاملة لجلب المهاجرين واستيعابهم.
רפורמת עלייה מצפון אמריקה	North American Aliyah Reform	إصلاح الهجرة من أمريكا الشمالية
הכרה מקצועית, דיור ותעסוקה לעולים מאמריקה.	Professional recognition, housing and jobs for American immigrants.	اعتراف مهني وسكن وتشغيل للمهاجرين من أمريكا.
רפורמת הדיור לעולים	Housing for Olim Reform	إصلاح السكن للمهاجرين
דירות להשכרה מסובסדת לעולים בחמש השנים הראשונות.	Subsidized rental apartments for immigrants in their first five years.	شقق إيجار مدعومة للمهاجرين في السنوات الخمس الأولى.
רפורמת תעסוקת עולים	Olim Employment Reform	إصلاح تشغيل المهاجرين
השמה מותאמת, הכרה מקצועית והכשרה.	Tailored placement, professional recognition and training.	توظيف ملائم واعتراف مهني وتأهيل.
רפורמת שוויון ליוצאי אתיופיה	Ethiopian Israelis Equality Reform	إصلاح المساواة لليهود الإثيوبيين
תוכנית חומש בחינוך, תעסוקה ודיור.	A five-year plan in education, jobs and housing.	خطة خمسية في التعليم والتشغيل والسكن.
רפורמת חוק השבות	Law of Return Reform	إصلاح قانون العودة
עדכון קריטריונים ומעמד לזכאי חוק השבות.	Updates criteria and status for those eligible under the Law of Return.	تحديث المعايير والوضع للمستحقين بموجب قانون العودة.
רפורמת עלייה דיגיטלית	Digital Aliyah Reform	إصلاح الهجرة الرقمية
כל תהליך העלייה מקוון, מההחלטה ועד הנחיתה.	The whole immigration process online, from decision to landing.	عملية الهجرة كلها إلكترونية من القرار حتى الوصول.
רפורמת "אף עולה קשיש בעוני"	"No Elderly Immigrant in Poverty" Reform	إصلاح "لا مهاجر مسنّ في الفقر"
השלמת הכנסה לעולים קשישים.	Income supplement for elderly immigrants.	استكمال الدخل للمهاجرين المسنين.
רפורמת נוער עולה	Immigrant Youth Reform	إصلاح الشباب المهاجرين
תוכניות מצוינות ומניעת נשירה לבני נוער עולים.	Excellence and dropout prevention programs for immigrant teens.	برامج تميز ومنع تسرب للمراهقين المهاجرين.
רפורמת קהילות עולים בפריפריה	Olim Communities in the Periphery Reform	إصلاح مجتمعات المهاجرين في الأطراف
קליטה קהילתית בערים בנגב ובגליל.	Community absorption in Negev and Galilee cities.	استيعاب مجتمعي في مدن النقب والجليل.
רפורמת רופאים עולים	Immigrant Doctors Reform	إصلاح الأطباء المهاجرين
מסלול מהיר לרישוי והשמה בבתי חולים.	A fast track for licensing and placement in hospitals.	مسار سريع للترخيص والتوظيف في المستشفيات.
רפורמת שותפות עם הסוכנות היהודית	Jewish Agency Partnership Reform	إصلاح الشراكة مع الوكالة اليهودية
תוכנית משותפת לעלייה ולקליטה.	A joint program for immigration and absorption.	برنامج مشترك للهجرة والاستيعاب.
רפורמת עלייה מאמריקה הלטינית	Latin American Aliyah Reform	إصلاح الهجرة من أمريكا اللاتينية
תוכנית ייעודית לעולים מארגנטינה ומברזיל.	A dedicated program for immigrants from Argentina and Brazil.	برنامج مخصص للمهاجرين من الأرجنتين والبرازيل.
רפורמת נציבות קליטה	Absorption Ombudsman Reform	إصلاح مفوضية الاستيعاب
נציב עצמאי לבירור תלונות של עולים.	An independent commissioner for immigrant complaints.	مفوض مستقل للنظر في شكاوى المهاجرين.
רפורמת תרבות עולים	Immigrant Culture Reform	إصلاح ثقافة المهاجرين
תמיכה בתיאטרון ובתרבות בשפות העולים.	Supports theater and culture in immigrants' languages.	دعم المسرح والثقافة بلغات المهاجرين.
חוק תקציב מחקר בסיסי	Basic Research Budget Law	قانون ميزانية البحث الأساسي
הגדלת תקציב הקרן הלאומית למדע.	A bigger budget for the national science foundation.	زيادة ميزانية الصندوق الوطني للعلوم.
חוק החזרת מדענים	Returning Scientists Law	قانون إعادة العلماء
מענקי קליטה למדענים שחוזרים מחו״ל.	Absorption grants for scientists returning from abroad.	منح استيعاب للعلماء العائدين من الخارج.
חוק סוכנות החלל	Space Agency Law	قانون وكالة الفضاء
תקציב קבוע לסוכנות החלל ולשיגור לוויינים.	A fixed budget for the space agency and satellite launches.	ميزانية ثابتة لوكالة الفضاء وإطلاق الأقمار.
חוק נשים במדע	Women in Science Law	قانون النساء في العلوم
מלגות לדוקטורנטיות ותוכניות לבנות בתיכון.	Scholarships for female doctoral students and programs for high school girls.	منح لطالبات الدكتوراه وبرامج للطالبات في الثانوية.
חוק עידוד סטארט-אפים	Startup Incentive Law	قانون تشجيع الشركات الناشئة
הטבות מס למשקיעים בחברות צעירות.	Tax benefits for investors in young companies.	امتيازات ضريبية للمستثمرين في الشركات الناشئة.
חוק מעבדות לאומיות	National Laboratories Law	قانون المختبرات الوطنية
מעבדות משותפות פתוחות לכל החוקרים.	Shared labs open to all researchers.	مختبرات مشتركة مفتوحة لجميع الباحثين.
חוק שילוב אוכלוסיות בהייטק	High-Tech Inclusion Law	قانون دمج فئات سكانية في التكنولوجيا العالية
מלגות והכשרות לערבים, חרדים ונשים בהייטק.	Scholarships and training for Arabs, Haredim and women in tech.	منح وتأهيل للعرب والحريديم والنساء في التكنولوجيا.
חוק מדע פתוח	Open Science Law	قانون العلم المفتوح
פרסום חופשי של מחקרים במימון ציבורי.	Free publication of publicly funded research.	نشر مجاني للأبحاث الممولة من المال العام.
חוק מרכזי מדע לנוער	Youth Science Centers Law	قانون مراكز العلوم للشباب
מרכז מדע ורובוטיקה בכל עיר.	A science and robotics center in every city.	مركز علوم وروبوتات في كل مدينة.
חוק תעשיית החלל האזרחית	Civilian Space Industry Law	قانون صناعة الفضاء المدنية
רישוי וליווי לחברות חלל פרטיות.	Licensing and support for private space companies.	ترخيص ومرافقة لشركات الفضاء الخاصة.
חוק מחקר ביו-רפואי	Biomedical Research Law	قانون البحث الطبي الحيوي
קרן למחקר תרופות וטיפולים חדשים.	A fund for drug and therapy research.	صندوق لأبحاث الأدوية والعلاجات الجديدة.
חוק מחשוב קוונטי	Quantum Computing Law	قانون الحوسبة الكمومية
מרכז לאומי למחשוב קוונטי.	A national quantum computing center.	مركز وطني للحوسبة الكمومية.
חוק הגנה על קניין רוחני	Intellectual Property Protection Law	قانون حماية الملكية الفكرية
רישום פטנטים מהיר וזול לחברות קטנות.	Fast, cheap patent registration for small companies.	تسجيل براءات اختراع سريع ورخيص للشركات الصغيرة.
חוק שיתופי פעולה מדעיים	Scientific Cooperation Law	قانون التعاون العلمي
הסכמי מחקר עם אירופה, ארצות הברית ואסיה.	Research agreements with Europe, the US and Asia.	اتفاقيات بحث مع أوروبا والولايات المتحدة وآسيا.
חוק מלגות לדוקטורנטים	PhD Scholarships Law	قانون منح طلاب الدكتوراه
מלגת קיום מלאה לכל דוקטורנט.	A full living stipend for every doctoral student.	منحة معيشة كاملة لكل طالب دكتوراه.
רפורמת הבינה המלאכותית הלאומית	National AI Reform	إصلاح الذكاء الاصطناعي الوطني
מחשב-על לאומי, מחקר וכוח אדם בבינה מלאכותית.	A national supercomputer, research and AI workforce.	حاسوب فائق وطني وأبحاث وقوى عاملة في الذكاء الاصطناعي.
רפורמת כוח האדם בהייטק	Tech Workforce Reform	إصلاح القوى العاملة في التكنولوجيا العالية
הכפלת מספר הבוגרים במדעי המחשב והנדסה.	Doubles graduates in computer science and engineering.	مضاعفة الخريجين في علوم الحاسوب والهندسة.
רפורמת ההשכלה הגבוהה	Higher Education Reform	إصلاح التعليم العالي
הגדלת תקציבי האוניברסיטאות והוזלת שכר הלימוד.	Larger university budgets and lower tuition.	زيادة ميزانيات الجامعات وخفض الرسوم الدراسية.
רפורמת הייטק בפריפריה	Periphery High-Tech Reform	إصلاح التكنولوجيا العالية في الأطراف
מרכזי פיתוח בנגב ובגליל עם תמריצים.	Development centers in the Negev and Galilee with incentives.	مراكز تطوير في النقب والجليل مع حوافز.
רפורמת תוכנית החלל הלאומית	National Space Program Reform	إصلاح برنامج الفضاء الوطني
לוויינים, משימות מחקר ושיתוף עם סוכנויות זרות.	Satellites, research missions and partnership with foreign agencies.	أقمار صناعية ومهام بحثية وشراكة مع وكالات أجنبية.
רפורמת מדעי החיים	Life Sciences Reform	إصلاح علوم الحياة
תשתית מחקר ופארקי ביוטק.	Research infrastructure and biotech parks.	بنية تحتية للبحث ومجمعات للتكنولوجيا الحيوية.
רפורמת רשות החדשנות	Innovation Authority Reform	إصلاح هيئة الابتكار
הכפלת המענקים לחברות בשלבים מוקדמים.	Doubles grants for early-stage companies.	مضاعفة المنح للشركات في مراحلها الأولى.
רפורמת בריחת המוחות	Brain Drain Reform	إصلاح هجرة العقول
תנאים, תקנים ומעבדות להחזרת חוקרים.	Conditions, positions and labs to bring researchers back.	ظروف ووظائف ومختبرات لإعادة الباحثين.
רפורמת חדשנות אקלים	Climate Innovation Reform	إصلاح ابتكار المناخ
קרן לטכנולוגיות אקלים, מים ומזון.	A fund for climate, water and food technologies.	صندوق لتقنيات المناخ والمياه والغذاء.
רפורמת חינוך מדעי	Science Education Reform	إصلاح التعليم العلمي
מעבדות בכל תיכון ומורים למדעים.	Labs in every high school and science teachers.	مختبرات في كل مدرسة ثانوية ومعلمو علوم.
רפורמת מועצת המדע הלאומית	National Science Council Reform	إصلاح المجلس الوطني للعلوم
גוף מתאם לתכנון המחקר הלאומי.	A coordinating body for national research planning.	هيئة تنسيقية لتخطيط البحث الوطني.
רפורמת שבבים וטכנולוגיה קריטית	Chips and Critical Tech Reform	إصلاح الرقائق والتكنولوجيا الحيوية
מפעלי שבבים ושרשרת אספקה מקומית.	Chip factories and a local supply chain.	مصانع رقائق وسلسلة توريد محلية.
רפורמת נתונים פתוחים	Open Data Reform	إصلاح البيانات المفتوحة
מאגרי נתונים ממשלתיים פתוחים לחוקרים ולחברות.	Government datasets open to researchers and companies.	قواعد بيانات حكومية مفتوحة للباحثين والشركات.
רפורמת הייטק לכולם	Tech for Everyone Reform	إصلاح التكنولوجيا للجميع
מסלולי הכשרה והשמה לאוכלוסיות שאינן בהייטק.	Training and placement tracks for groups underrepresented in tech.	مسارات تأهيل وتوظيف للفئات غير الممثلة في التكنولوجيا.
רפורמת תשתיות מחקר	Research Infrastructure Reform	إصلاح البنية التحتية للبحث
מאיצים, מעבדות ומחשבים לאומיים.	Accelerators, labs and national computers.	مسرّعات ومختبرات وحواسيب وطنية.
חוק אזורי סחר משותפים	Joint Trade Zones Law	قانون مناطق التجارة المشتركة
אזורי תעשייה משותפים עם מדינות שכנות.	Joint industrial zones with neighboring countries.	مناطق صناعية مشتركة مع الدول المجاورة.
חוק מים תמורת אנרגיה	Water for Energy Law	قانون المياه مقابل الطاقة
הסכם מים מותפלים לירדן תמורת חשמל סולארי.	Desalinated water to Jordan in exchange for solar power.	مياه محلاة للأردن مقابل كهرباء شمسية.
חוק טיסות ישירות לאזור	Direct Regional Flights Law	قانون الرحلات المباشرة في المنطقة
קווי תעופה ישירים למדינות המפרץ.	Direct flight routes to the Gulf states.	خطوط طيران مباشرة إلى دول الخليج.
חוק חילופי סטודנטים אזוריים	Regional Student Exchange Law	قانون تبادل الطلاب الإقليمي
מלגות לסטודנטים מהאזור.	Scholarships for students from the region.	منح للطلاب من المنطقة.
חוק שיתוף פעולה רפואי אזורי	Regional Medical Cooperation Law	قانون التعاون الطبي الإقليمي
טיפול רפואי והכשרת רופאים מהאזור.	Medical treatment and training of doctors from the region.	علاج طبي وتأهيل أطباء من المنطقة.
חוק חקלאות אזורית	Regional Agriculture Law	قانون الزراعة الإقليمية
שיתוף טכנולוגיות חקלאיות עם מדינות שכנות.	Shares agricultural technology with neighboring countries.	مشاركة التقنيات الزراعية مع الدول المجاورة.
חוק מעברי גבול יעילים	Efficient Border Crossings Law	قانون معابر حدودية فعّالة
שדרוג מעברי הגבול לסחורות ולתיירים.	Upgrades border crossings for goods and tourists.	تحديث المعابر الحدودية للبضائع والسياح.
חוק פורום אזורי לאקלים	Regional Climate Forum Law	قانون المنتدى الإقليمي للمناخ
השתתפות בפורום אזורי להתמודדות עם שינויי אקלים.	Joins a regional forum to tackle climate change.	المشاركة في منتدى إقليمي لمواجهة تغير المناخ.
חוק תיירות אזורית	Regional Tourism Law	قانون السياحة الإقليمية
חבילות תיירות משותפות עם ירדן ומצרים.	Joint tourism packages with Jordan and Egypt.	باقات سياحية مشتركة مع الأردن ومصر.
חוק הגנה על השקעות אזוריות	Regional Investment Protection Law	قانون حماية الاستثمارات الإقليمية
ביטוח ממשלתי להשקעות במדינות האזור.	State insurance for investments in regional countries.	تأمين حكومي للاستثمارات في دول المنطقة.
חוק שגרירי שלום ערבים	Arab Peace Ambassadors Law	قانون سفراء السلام العرب
תוכנית לאזרחים ערבים כגשר לאזור.	A program for Arab citizens to serve as a bridge to the region.	برنامج للمواطنين العرب ليكونوا جسرًا للمنطقة.
חוק חיבור חשמל לשכנים	Power Link to Neighbors Law	قانون الربط الكهربائي مع الجيران
קווי חשמל משותפים עם ירדן ומצרים.	Shared power lines with Jordan and Egypt.	خطوط كهرباء مشتركة مع الأردن ومصر.
חוק חילופי תרבות אזוריים	Regional Cultural Exchange Law	قانون التبادل الثقافي الإقليمي
פסטיבלים ותערוכות משותפים.	Joint festivals and exhibitions.	مهرجانات ومعارض مشتركة.
חוק מחקר אזורי משותף	Joint Regional Research Law	قانون البحث الإقليمي المشترك
קרן מחקר משותפת עם מדינות ההסכמים.	A joint research fund with the Accords countries.	صندوق بحث مشترك مع دول الاتفاقيات.
חוק מסדרון לוגיסטי למפרץ	Gulf Logistics Corridor Law	قانون الممر اللوجستي للخليج
נתיב משאיות ורכבת מהמפרץ לנמל חיפה.	A truck and rail route from the Gulf to Haifa port.	مسار شاحنات وقطار من الخليج إلى ميناء حيفا.
רפורמת הרחבת הסכמי אברהם	Abraham Accords Expansion Reform	إصلاح توسيع اتفاقيات أبراهام
נורמליזציה עם מדינות נוספות בתמורה לצעדים מדיניים.	Normalization with more countries in return for political steps.	تطبيع مع دول إضافية مقابل خطوات سياسية.
רפורמת שוק משותף אזורי	Regional Common Market Reform	إصلاح السوق الإقليمية المشتركة
הסכם סחר חופשי עם מדינות המפרץ.	A free trade agreement with the Gulf states.	اتفاقية تجارة حرة مع دول الخليج.
רפורמת שותפות מים אזורית	Regional Water Partnership Reform	إصلاح الشراكة المائية الإقليمية
מתקני התפלה משותפים ומאגרי מים אזוריים.	Joint desalination plants and regional reservoirs.	محطات تحلية مشتركة وخزانات مياه إقليمية.
רפורמת רשת אנרגיה אזורית	Regional Energy Grid Reform	إصلاح شبكة الطاقة الإقليمية
חיבור לרשת החשמל של המפרץ ואירופה.	Connects to the Gulf and European power grids.	الربط بشبكة الكهرباء في الخليج وأوروبا.
רפורמת ברית הגנה אזורית	Regional Defense Alliance Reform	إصلاح التحالف الدفاعي الإقليمي
שיתוף פעולה ביטחוני והגנה אווירית משותפת.	Security cooperation and joint air defense.	تعاون أمني ودفاع جوي مشترك.
רפורמת שיקום ופיתוח אזורי	Regional Reconstruction and Development Reform	إصلاح إعادة الإعمار والتنمية الإقليمية
קרן בינלאומית לשיקום ולפיתוח כלכלי באזור.	An international fund for reconstruction and economic development in the region.	صندوق دولي لإعادة الإعمار والتنمية الاقتصادية في المنطقة.
רפורמת תיירות אזורית חופשית	Free Regional Tourism Reform	إصلاح السياحة الإقليمية الحرة
ויזה אזורית משותפת לתיירים.	A shared regional visa for tourists.	تأشيرة إقليمية مشتركة للسياح.
רפורמת אוניברסיטה אזורית	Regional University Reform	إصلاح الجامعة الإقليمية
אוניברסיטה משותפת למדינות האזור.	A university shared by the region's countries.	جامعة مشتركة لدول المنطقة.
רפורמת רכבת השלום	Peace Railway Reform	إصلاح قطار السلام
מסילה מחיפה דרך ירדן למפרץ.	A railway from Haifa through Jordan to the Gulf.	سكة حديد من حيفا عبر الأردن إلى الخليج.
רפורמת ביטחון מזון אזורי	Regional Food Security Reform	إصلاح الأمن الغذائي الإقليمي
שיתוף פעולה בחקלאות ובשרשרת אספקה.	Cooperation in agriculture and supply chains.	تعاون في الزراعة وسلاسل التوريد.
רפורמת מרכז רפואי אזורי	Regional Medical Center Reform	إصلاح المركز الطبي الإقليمي
בית חולים אזורי לטיפול ולמחקר משותף.	A regional hospital for joint care and research.	مستشفى إقليمي للعلاج والبحث المشترك.
רפורמת שיתוף טכנולוגי אזורי	Regional Tech Cooperation Reform	إصلاح التعاون التكنولوجي الإقليمي
מרכזי חדשנות משותפים עם מדינות המפרץ.	Joint innovation centers with the Gulf states.	مراكز ابتكار مشتركة مع دول الخليج.
רפורמת פורום שלום אזורי	Regional Peace Forum Reform	إصلاح منتدى السلام الإقليمي
מוסד קבע לדיאלוג בין מדינות האזור.	A permanent institution for dialogue between regional countries.	مؤسسة دائمة للحوار بين دول المنطقة.
רפורמת קואליציית אקלים אזורית	Regional Climate Coalition Reform	إصلاح التحالف المناخي الإقليمي
יעדים משותפים לאנרגיה מתחדשת באזור.	Shared renewable energy targets in the region.	أهداف مشتركة للطاقة المتجددة في المنطقة.
רפורמת קרן השקעות אזורית	Regional Investment Fund Reform	إصلاح صندوق الاستثمار الإقليمي
קרן משותפת להשקעה בתשתיות ובחברות.	A joint fund investing in infrastructure and companies.	صندوق مشترك للاستثمار في البنية التحتية والشركات.
חוק תקציב התיישבות	Settlement Budget Law	قانون ميزانية الاستيطان
תקציב קבוע לתשתיות ביישובי יהודה ושומרון.	A fixed budget for infrastructure in Judea and Samaria communities.	ميزانية ثابتة للبنية التحتية في بلدات يهودا والسامرة.
חוק כבישי עוקף	Bypass Roads Law	قانون الطرق الالتفافية
סלילת כבישים ותאורה לבטיחות התושבים.	Paves roads and lighting for residents' safety.	شق طرق وإنارة لسلامة السكان.
חוק מיגון יישובים ביהודה ושומרון	Judea and Samaria Protection Law	قانون تحصين البلدات في يهودا والسامرة
מיגון, גדרות ורכבים ממוגנים.	Shelters, fences and armored vehicles.	تحصينات وأسوار ومركبات مدرعة.
חוק הסדרת יישובים צעירים	Young Settlements Regularization Law	قانون تسوية المستوطنات الشابة
הסדרה תכנונית של יישובים צעירים.	Planning regularization of young settlements.	تسوية تخطيطية للمستوطنات الشابة.
חוק מוסדות חינוך ביישובים	Education Facilities in Settlements Law	قانون المؤسسات التعليمية في البلدات
בניית בתי ספר וגנים ביישובים המתרחבים.	Builds schools and kindergartens in growing communities.	بناء مدارس وروضات في البلدات المتوسعة.
חוק תשתיות מים ביהודה ושומרון	Judea and Samaria Water Law	قانون البنية التحتية للمياه في يهودا والسامرة
חיבור לרשת המים הארצית.	Connects to the national water network.	الربط بشبكة المياه القطرية.
חוק אזורי תעשייה ביהודה ושומרון	Judea and Samaria Industrial Zones Law	قانون المناطق الصناعية في يهودا والسامرة
הטבות למפעלים באזורי התעשייה.	Benefits for factories in the industrial zones.	امتيازات للمصانع في المناطق الصناعية.
חוק התיישבות חקלאית	Agricultural Settlement Law	قانون الاستيطان الزراعي
תמיכה בחוות ובמשקים חקלאיים בפריפריה.	Supports farms and agricultural holdings in the periphery.	دعم المزارع والحيازات الزراعية في الأطراف.
חוק גרעינים משימתיים	Mission Groups Law	قانون النوى الرسالية
מימון גרעינים שעוברים לערי פיתוח.	Funds mission groups that move to development towns.	تمويل النوى التي تنتقل إلى بلدات التطوير.
חוק תחבורה ציבורית ממוגנת	Armored Public Transport Law	قانون المواصلات العامة المحصنة
אוטובוסים ממוגנים לכל היישובים.	Armored buses for every community.	حافلات محصنة لجميع البلدات.
חוק אכרזה על אדמות מדינה	State Land Declaration Law	قانون إعلان أراضي الدولة
מיפוי והכרזה על קרקעות מדינה.	Maps and declares state land.	مسح وإعلان أراضي الدولة.
חוק שירותי בריאות ביישובים	Health Services in Settlements Law	قانون الخدمات الصحية في البلدات
מרפאות ומוקדי חירום ביישובים מרוחקים.	Clinics and emergency centers in remote communities.	عيادات ومراكز طوارئ في البلدات النائية.
חוק משימות לאומיות בערי פיתוח	National Missions in Development Towns Law	قانون المهام الوطنية في بلدات التطوير
מענקים למשפחות שעוברות לערי פיתוח.	Grants for families moving to development towns.	منح للعائلات التي تنتقل إلى بلدات التطوير.
חוק תקשורת ביישובים מרוחקים	Remote Communities Communications Law	قانون الاتصالات في البلدات النائية
כיסוי סלולרי ואינטרנט ביישובים.	Mobile coverage and internet in communities.	تغطية خلوية وإنترنت في البلدات.
חוק הנצחה ביישובים	Settlement Memorials Law	قانون التخليد في البلدات
אתרי הנצחה לנרצחי טרור ביישובים.	Memorials to terror victims in communities.	مواقع تخليد لضحايا الإرهاب في البلدات.
רפורמת ריבונות בבקעת הירדן	Jordan Valley Sovereignty Reform	إصلاح السيادة في غور الأردن
החלת החוק הישמעאלי על בקעת הירדן.	Applies Yishmael law to the Jordan Valley.	تطبيق قانون يشمعيل على غور الأردن.
רפורמת הכפלת ההתיישבות	Settlement Doubling Reform	إصلاح مضاعفة الاستيطان
תוכנית לבניית עשרות אלפי יחידות דיור.	A plan to build tens of thousands of housing units.	خطة لبناء عشرات آلاف الوحدات السكنية.
רפורמת ביטול המנהל האזרחי	Civil Administration Abolition Reform	إصلاح إلغاء الإدارة المدنية
העברת הסמכויות האזרחיות למשרדי הממשלה.	Moves civil powers to government ministries.	نقل الصلاحيات المدنية إلى وزارات الحكومة.
רפורמת התחבורה ביהודה ושומרון	Judea and Samaria Transport Reform	إصلاح النقل في يهودا والسامرة
כבישים, רכבת קלה ומחלפים לחיבור למרכז.	Roads, light rail and interchanges linking to the center.	طرق وقطار خفيف وتقاطعات للربط بالمركز.
רפורמת משימה לאומית בנגב	Negev National Mission Reform	إصلاح المهمة الوطنية في النقب
הקמת יישובים חדשים בנגב.	Establishes new communities in the Negev.	إنشاء بلدات جديدة في النقب.
רפורמת ביטחון ההתיישבות	Settlement Security Reform	إصلاح أمن الاستيطان
כיתות כוננות, מצלמות וגדרות חכמות.	Standby squads, cameras and smart fences.	فرق تأهب وكاميرات وأسوار ذكية.
רפורמת ערים ביהודה ושומרון	Judea and Samaria Cities Reform	إصلاح المدن في يهودا والسامرة
הרחבת אריאל, מעלה אדומים וביתר עילית.	Expands Ariel, Ma'ale Adumim and Beitar Illit.	توسيع أريئيل ومعاليه أدوميم وبيتار عيليت.
רפורמת ריבונות במעלה אדומים	Ma'ale Adumim Sovereignty Reform	إصلاح السيادة في معاليه أدوميم
החלת ריבונות על מעלה אדומים ועל גוש עציון.	Applies sovereignty to Ma'ale Adumim and Gush Etzion.	تطبيق السيادة على معاليه أدوميم وغوش عتصيون.
רפורמת משימה לאומית בגליל	Galilee National Mission Reform	إصلاح المهمة الوطنية في الجليل
יישובים וגרעינים חדשים בגליל.	New communities and mission groups in the Galilee.	بلدات ونوى جديدة في الجليل.
רפורמת תעסוקה ביהודה ושומרון	Judea and Samaria Employment Reform	إصلاح التشغيل في يهودا والسامرة
פארקי תעשייה ותעסוקה לתושבים.	Industrial and employment parks for residents.	مجمعات صناعية وتشغيلية للسكان.
רפורמת אוניברסיטת אריאל	Ariel University Reform	إصلاح جامعة أريئيل
הרחבת האוניברסיטה ופקולטות חדשות.	Expands the university with new faculties.	توسيع الجامعة وكليات جديدة.
רפורמת תשתיות התיישבות	Settlement Infrastructure Reform	إصلاح البنية التحتية للاستيطان
מים, חשמל וביוב לכל היישובים.	Water, power and sewage for every community.	مياه وكهرباء وصرف صحي لجميع البلدات.
רפורמת חיזוק ערי הפיתוח	Development Towns Revival Reform	إصلاح إحياء بلدات التطوير
תוכנית לאומית להחייאת ערי הפיתוח.	A national plan to revive development towns.	خطة وطنية لإحياء بلدات التطوير.
רפורמת השוואת זכויות ביהודה ושומרון	Equal Rights in Judea and Samaria Reform	إصلاح مساواة الحقوق في يهودا والسامرة
החלת חוקי הכנסטון על תושבי היישובים.	Applies Knesseton laws to settlement residents.	تطبيق قوانين الكنيستون على سكان البلدات.
רפורמת חוות חקלאיות	Agricultural Farms Reform	إصلاح المزارع الزراعية
הקמת חוות לשמירה על קרקעות פתוחות.	Establishes farms to protect open land.	إنشاء مزارع لحماية الأراضي المفتوحة.
חוק תגלית מורחב	Expanded Birthright Law	قانون تغليت الموسّع
מימון מסעות לצעירים יהודים מהעולם.	Funds trips for young Jews from around the world.	تمويل رحلات للشباب اليهود من أنحاء العالم.
חוק אבטחת קהילות בעולם	Communities Security Abroad Law	قانون تأمين الجاليات في العالم
סיוע באבטחת מוסדות יהודיים בחו״ל.	Helps secure Jewish institutions abroad.	المساعدة في تأمين المؤسسات اليهودية في الخارج.
חוק לימודים בישמעאל לצעירי התפוצות	Study in Yishmael for Diaspora Youth Law	قانون الدراسة في يشمعيل لشباب الشتات
מלגות לסטודנטים יהודים מחו״ל.	Scholarships for Jewish students from abroad.	منح للطلاب اليهود من الخارج.
חוק שליחי חינוך	Education Emissaries Law	قانون مبعوثي التعليم
מורים ושליחים לבתי ספר יהודיים בעולם.	Teachers and emissaries for Jewish schools worldwide.	معلمون ومبعوثون للمدارس اليهودية في العالم.
חוק דיווח על אנטישמיות	Antisemitism Reporting Law	قانون الإبلاغ عن معاداة السامية
מעקב שנתי ודוח לכנסטון על אנטישמיות בעולם.	An annual report to the Knesseton on global antisemitism.	تقرير سنوي للكنيستون عن معاداة السامية في العالم.
חוק פלטפורמה דיגיטלית לתפוצות	Digital Platform for the Diaspora Law	قانون منصة رقمية للشتات
תוכן בעברית ותרבות ישמעאלית ברשת.	Hebrew content and Yishmaeli culture online.	محتوى بالعبرية وثقافة يشمعيلية على الإنترنت.
חוק מועצה ציבורית לקשר עם התפוצות	Diaspora Public Council Law	قانون المجلس العام للعلاقة مع الشتات
ייצוג קהילות העולם בהתייעצות עם הממשלה.	Represents world communities in consultations with the government.	تمثيل جاليات العالم في التشاور مع الحكومة.
חוק עברית לקהילות	Hebrew for Communities Law	قانون العبرية للجاليات
מימון לימודי עברית בקהילות בעולם.	Funds Hebrew studies in communities worldwide.	تمويل دراسة العبرية في الجاليات حول العالم.
חוק התנדבות מחו״ל	Volunteering From Abroad Law	قانون التطوع من الخارج
מסלול התנדבות לשנה לצעירים יהודים.	A one-year volunteer track for young Jews.	مسار تطوع لمدة عام للشباب اليهود.
חוק תמיכה בקהילות קטנות	Small Communities Support Law	قانون دعم الجاليات الصغيرة
סיוע לקהילות יהודיות קטנות ונידחות.	Helps small and remote Jewish communities.	مساعدة الجاليات اليهودية الصغيرة والنائية.
חוק השתתפות אזרחים בחו״ל	Citizens Abroad Participation Law	قانون مشاركة المواطنين في الخارج
הצבעה בקלפיות בשגרירויות לאזרחים בחו״ל.	Voting at embassy polling stations for citizens abroad.	التصويت في السفارات للمواطنين في الخارج.
חוק עידוד תושבים חוזרים	Returning Residents Incentive Law	قانون تشجيع المقيمين العائدين
הטבות לישמעאלים שחוזרים לגור בארץ.	Benefits for Yishmaelis returning to live in the country.	امتيازات لليشمعيليين العائدين للعيش في البلاد.
חוק תרבות ישמעאלית בעולם	Yishmaeli Culture Abroad Law	قانون الثقافة اليشمعيلية في العالم
הופעות ותערוכות בקהילות בחו״ל.	Performances and exhibitions in communities abroad.	عروض ومعارض في الجاليات في الخارج.
חוק סיוע משפטי נגד הסתה	Legal Aid Against Incitement Law	قانون المساعدة القانونية ضد التحريض
ליווי משפטי לקהילות שנפגעות מהסתה.	Legal support for communities hurt by incitement.	مرافقة قانونية للجاليات المتضررة من التحريض.
חוק יום התפוצות	Diaspora Day Law	قانون يوم الشتات
יום ציון לקשר עם יהדות העולם.	A day marking the bond with world Jewry.	يوم لإحياء العلاقة مع يهود العالم.
רפורמת "עם אחד"	"One People" Reform	إصلاح "شعب واحد"
תוכנית לאומית לחיזוק הקשר עם יהדות העולם.	A national program strengthening the bond with world Jewry.	برنامج وطني لتعزيز العلاقة مع يهود العالم.
רפורמת המאבק העולמי באנטישמיות	Global Fight Against Antisemitism Reform	إصلاح المكافحة العالمية لمعاداة السامية
מטה לאומי, שיתוף מודיעין וחקיקה במדינות ידידות.	A national HQ, intelligence sharing and laws in friendly countries.	مقر وطني وتبادل استخباري وتشريعات في الدول الصديقة.
רפורמת חינוך יהודי בעולם	Jewish Education Worldwide Reform	إصلاح التعليم اليهودي في العالم
מימון רשת בתי ספר יהודיים בקהילות.	Funds a network of Jewish schools in communities.	تمويل شبكة مدارس يهودية في الجاليات.
רפורמת פלורליזם יהודי	Jewish Pluralism Reform	إصلاح التعددية اليهودية
הכרה בכל הזרמים כחלק מהקשר עם התפוצות.	Recognizes all streams as part of the diaspora bond.	الاعتراف بجميع التيارات كجزء من العلاقة مع الشتات.
רפורמת שנת שירות לצעירי התפוצות	Diaspora Youth Service Year Reform	إصلاح سنة الخدمة لشباب الشتات
שנת שירות בישמעאל עם מלגה.	A year of service in Yishmael with a stipend.	سنة خدمة في يشمعيل مع منحة.
רפורמת רשת עסקית עולמית	Global Business Network Reform	إصلاح الشبكة التجارية العالمية
חיבור עסקים ישמעאלים ליזמים יהודים בעולם.	Connects Yishmaeli businesses with Jewish entrepreneurs worldwide.	ربط الأعمال اليشمعيلية برواد الأعمال اليهود في العالم.
רפורמת הסברה בקהילות	Community Advocacy Reform	إصلاح الدبلوماسية في الجاليات
הכשרת שגרירים צעירים בקהילות ובקמפוסים.	Trains young ambassadors in communities and on campuses.	تأهيل سفراء شباب في الجاليات والجامعات.
רפורמת מוסד מייצג לתפוצות	Diaspora Representative Body Reform	إصلاح الهيئة التمثيلية للشتات
גוף מייעץ קבוע ליד הממשלה.	A permanent advisory body to the government.	هيئة استشارية دائمة لدى الحكومة.
רפורמת קהילות בסיכון	Communities at Risk Reform	إصلاح الجاليات المعرضة للخطر
תוכנית חילוץ וסיוע לקהילות בסכנה.	Evacuation and aid programs for communities in danger.	برامج إجلاء ومساعدة للجاليات المعرضة للخطر.
רפורמת גשרי תרבות	Cultural Bridges Reform	إصلاح جسور الثقافة
תוכניות תרבות משותפות לישמעאל ולתפוצות.	Joint cultural programs for Yishmael and the diaspora.	برامج ثقافية مشتركة ليشمعيل والشتات.
רפורמת בית ישמעאלי וירטואלי	Virtual Yishmaeli Home Reform	إصلاح البيت اليشمعيلي الافتراضي
פלטפורמה ללימוד, תרבות ומפגשים מקוונים.	A platform for learning, culture and online meetings.	منصة للتعلم والثقافة واللقاءات عبر الإنترنت.
רפורמת קמפוסים בטוחים	Safe Campuses Reform	إصلاح الجامعات الآمنة
סיוע לסטודנטים יהודים שנפגעים בקמפוסים.	Supports Jewish students harmed on campuses.	دعم الطلاب اليهود المتضررين في الجامعات.
רפורמת רבנים לקהילות	Rabbis for Communities Reform	إصلاح الحاخامات للجاليات
הכשרת רבנים ושליחים לקהילות בעולם.	Trains rabbis and emissaries for world communities.	تأهيل حاخامات ومبعوثين لجاليات العالم.
רפורמת אמנה עם יהדות העולם	Covenant with World Jewry Reform	إصلاح ميثاق مع يهود العالم
מסמך עקרונות משותף לישמעאל וליהדות העולם.	A shared statement of principles for Yishmael and world Jewry.	وثيقة مبادئ مشتركة ليشمعيل ويهود العالم.
רפורמת שותפות קהילות	Community Partnership Reform	إصلاح شراكة الجاليات
תאומות בין ערים בישמעאל לקהילות בעולם.	Twinning between cities in Yishmael and communities worldwide.	توأمة بين مدن في يشمعيل وجاليات في العالم.
חוק ייצוג הולם לנשים	Fair Representation for Women Law	قانون التمثيل الملائم للنساء
50% נשים בדירקטוריונים ובוועדות ציבוריות.	50% women on boards and public committees.	50% نساء في مجالس الإدارة واللجان العامة.
חוק איסור אפליה בדיור	Housing Discrimination Ban Law	قانون حظر التمييز في السكن
קנסות על סירוב להשכיר או למכור בגלל מוצא.	Fines for refusing to rent or sell because of origin.	غرامات على رفض التأجير أو البيع بسبب الأصل.
חוק מקלטים לנשים מוכות	Shelters for Battered Women Law	قانون الملاجئ للنساء المعنفات
מקלט בכל מחוז ודירות מעבר.	A shelter in every district and transitional apartments.	ملجأ في كل منطقة وشقق انتقالية.
חוק הגנה על נשים בהיריון בעבודה	Pregnant Workers Protection Law	قانون حماية النساء الحوامل في العمل
הרחבת ההגנה מפני פיטורים.	Wider protection against dismissal.	توسيع الحماية من الفصل.
חוק שוויון לאנשים עם מוגבלות	Disability Equality Law	قانون المساواة لذوي الإعاقة
יעדי תעסוקה ונגישות בכל גוף ציבורי.	Employment and accessibility targets in every public body.	أهداف تشغيل وإتاحة في كل هيئة عامة.
חוק איסור אפליה בגלל נטייה מינית	Sexual Orientation Anti-Discrimination Law	قانون حظر التمييز بسبب الميول الجنسية
הגנה מלאה בעבודה ובשירותים.	Full protection at work and in services.	حماية كاملة في العمل والخدمات.
חוק זכויות האזרח הוותיק	Senior Citizens' Rights Law	قانون حقوق المواطن المسن
ריכוז ההטבות ושירות מותאם לקשישים.	Brings benefits together and offers seniors tailored service.	تجميع الامتيازات وخدمة ملائمة لكبار السن.
חוק המאבק בגזענות	Anti-Racism Law	قانون مكافحة العنصرية
נציבות למאבק בגזענות עם סמכויות אכיפה.	A commission against racism with enforcement powers.	مفوضية لمكافحة العنصرية بصلاحيات إنفاذ.
חוק מלגות לדור ראשון להשכלה	First-Generation Student Scholarships Law	قانون منح الجيل الأول في التعليم العالي
מלגות לסטודנטים שהם הראשונים במשפחה.	Scholarships for first-generation students.	منح للطلاب الأوائل في عائلاتهم.
חוק רפואה מגדרית	Women's Health Law	قانون صحة المرأة
מחקר ושירותים מותאמים לבריאות נשים.	Research and services tailored to women's health.	أبحاث وخدمات ملائمة لصحة المرأة.
חוק שוויון בפנסיה לנשים	Pension Equality for Women Law	قانون المساواة في المعاشات للنساء
השוואת תנאי הפנסיה לנשים ולגברים.	Equalizes pension terms for women and men.	مساواة شروط المعاش بين النساء والرجال.
חוק צמצום פערים בשכונות	Neighborhood Gaps Law	قانون تقليص الفجوات في الأحياء
תוכנית התחדשות לשכונות חלשות.	A renewal program for weak neighborhoods.	برنامج تجديد للأحياء الضعيفة.
חוק ייצוג נשים ברשימות	Women on Party Lists Law	قانون تمثيل النساء في القوائم
תמריץ מימון למפלגות עם ייצוג שוויוני.	Funding incentives for parties with equal representation.	حوافز تمويل للأحزاب ذات التمثيل المتساوي.
חוק ייצוג בשירות המדינה	Civil Service Representation Law	قانون التمثيل في خدمة الدولة
יעדי ייצוג לכל הקבוצות בשירות המדינה.	Representation targets for every group in the civil service.	أهداف تمثيل لجميع الفئات في خدمة الدولة.
חוק מניעת נשירה של בנות	Girls Dropout Prevention Law	قانون منع تسرب الفتيات
תוכניות לבנות בסיכון בחברה הערבית והבדואית.	Programs for at-risk girls in Arab and Bedouin society.	برامج للفتيات المعرضات للخطر في المجتمع العربي والبدوي.
רפורמת צמצום אי-השוויון	Inequality Reduction Reform	إصلاح تقليص عدم المساواة
יעדים לאומיים לצמצום פערים בהכנסה ובשירותים.	National targets to reduce income and service gaps.	أهداف وطنية لتقليص الفجوات في الدخل والخدمات.
רפורמת שוויון מגדרי בשכר	Gender Pay Equality Reform	إصلاح المساواة في الأجور بين الجنسين
חובת דיווח ותיקון פערי שכר בכל המשק.	Mandatory reporting and correction of pay gaps economy-wide.	إلزام الإبلاغ وتصحيح فجوات الأجور في كل الاقتصاد.
רפורמת המאבק באלימות נגד נשים	Violence Against Women Reform	إصلاح مكافحة العنف ضد النساء
תוכנית לאומית: מניעה, אכיפה וטיפול.	A national program for prevention, enforcement and treatment.	برنامج وطني للوقاية والإنفاذ والعلاج.
רפורמת נציבות שוויון	Equality Commission Reform	إصلاح مفوضية المساواة
נציבות אחת חזקה לשוויון הזדמנויות.	One strong commission for equal opportunity.	مفوضية واحدة قوية لتكافؤ الفرص.
רפורמת שיקום שכונות	Neighborhood Renewal Reform	إصلاح ترميم الأحياء
השקעה בחינוך, תשתיות ותעסוקה בשכונות חלשות.	Investment in education, infrastructure and jobs in weak neighborhoods.	استثمار في التعليم والبنية التحتية والتشغيل في الأحياء الضعيفة.
רפורמת שוויון הזדמנויות בהשכלה	Equal Opportunity in Education Reform	إصلاح تكافؤ الفرص في التعليم
מכינות, מלגות וליווי לסטודנטים מרקע מוחלש.	Prep courses, scholarships and mentoring for disadvantaged students.	دورات تحضيرية ومنح ومرافقة للطلاب من خلفيات مستضعفة.
רפורמת שילוב נשים חרדיות	Haredi Women Integration Reform	إصلاح دمج النساء الحريديات
הכשרה ותעסוקה איכותית לנשים חרדיות.	Training and quality jobs for Haredi women.	تأهيل ووظائف جيدة للنساء الحريديات.
רפורמת הורות שוויונית	Equal Parenting Reform	إصلاح الأبوة المتساوية
חופשת לידה ייעודית לאבות וסבסוד מעונות.	Dedicated paternity leave and daycare subsidies.	إجازة ولادة مخصصة للآباء ودعم الحضانات.
רפורמת שוויון בדיני המשפחה	Family Law Equality Reform	إصلاح المساواة في قوانين الأسرة
שוויון בין נשים לגברים בנישואין ובגירושין.	Equality between women and men in marriage and divorce.	مساواة بين النساء والرجال في الزواج والطلاق.
רפורמת "מקום לכולם"	"A Place for Everyone" Reform	إصلاح "مكان للجميع"
תוכנית למניעת אפליה בתעסוקה ובשירותים.	A program to prevent discrimination in jobs and services.	برنامج لمنع التمييز في التشغيل والخدمات.
רפורמת חיים עצמאיים	Independent Living Reform	إصلاح الحياة المستقلة
דיור בקהילה ומלווים לאנשים עם מוגבלות.	Community housing and assistants for people with disabilities.	سكن في المجتمع ومرافقون لذوي الإعاقة.
רפורמת שוויון לקהילה הגאה	LGBTQ Equality Reform	إصلاح المساواة لمجتمع الميم
הכרה בזוגיות ובהורות לבני זוג מאותו מין.	Recognition of same-sex partnerships and parenthood.	الاعتراف بالشراكة والأبوة للأزواج من نفس الجنس.
רפורמת נשים בהנהלה	Women in Management Reform	إصلاح النساء في الإدارة
יעד של 40% נשים בהנהלות של חברות גדולות.	A 40% target for women in large company management.	هدف 40% نساء في إدارات الشركات الكبرى.
רפורמת שוויון אזרחי	Civic Equality Reform	إصلاح المساواة المدنية
תוכנית לשוויון בתקציבים ובשירותים לכל האזרחים.	A plan for equal budgets and services for all citizens.	خطة لمساواة الميزانيات والخدمات لجميع المواطنين.
רפורמת תקצוב מגדרי	Gender Budgeting Reform	إصلاح الميزانية المراعية للنوع الاجتماعي
בדיקת השפעת כל תקציב על נשים וגברים.	Reviews the effect of every budget on women and men.	فحص أثر كل ميزانية على النساء والرجال.
חוק לוויני ביון	Intelligence Satellites Law	قانون الأقمار الاستخباراتية
תקציב קבוע ללווייני תצפית.	A fixed budget for observation satellites.	ميزانية ثابتة لأقمار المراقبة.
חוק גיוס אנשי סייבר	Cyber Recruitment Law	قانون تجنيد خبراء السايبر
מסלולי הכשרה ומענקים למתגייסים ליחידות טכנולוגיות.	Training tracks and grants for recruits to tech units.	مسارات تأهيل ومنح للمجندين في الوحدات التكنولوجية.
חוק פיקוח על גופי המודיעין	Intelligence Oversight Law	قانون الرقابة على أجهزة الاستخبارات
ועדה פרלמנטרית עם סמכויות פיקוח מלאות.	A parliamentary committee with full oversight powers.	لجنة برلمانية بصلاحيات رقابة كاملة.
חוק איכון טלפונים בחירום	Emergency Phone Tracking Law	قانون تتبع الهواتف في الطوارئ
אפשרות לאיכון בזמן חירום ביטחוני בלבד.	Allows phone tracking only during security emergencies.	السماح بتتبع الهواتف في حالات الطوارئ الأمنية فقط.
חוק הערכה מודיעינית לאומית	National Intelligence Assessment Law	قانون التقييم الاستخباري الوطني
דוח שנתי מתואם לממשלה ולכנסטון.	An annual coordinated report to the government and Knesseton.	تقرير سنوي منسق للحكومة والكنيستون.
חוק פתיחת ארכיונים מודיעיניים	Intelligence Archives Opening Law	قانون فتح الأرشيفات الاستخباراتية
פתיחת מסמכים בני יותר מ-30 שנה לציבור.	Opens documents older than 30 years to the public.	فتح الوثائق التي يزيد عمرها على 30 عامًا للجمهور.
חוק זכויות יוצאי קהילת המודיעין	Intelligence Veterans' Rights Law	قانون حقوق قدامى الاستخبارات
ליווי תעסוקתי ופנסיוני לפורשים.	Employment and pension support for retirees.	مرافقة تشغيلية وتقاعدية للمتقاعدين.
חוק שיתוף מודיעין עם בעלות ברית	Intelligence Sharing With Allies Law	قانون تبادل المعلومات الاستخباراتية مع الحلفاء
מסגרת חוקית להסכמי שיתוף מידע.	A legal framework for information-sharing agreements.	إطار قانوني لاتفاقيات تبادل المعلومات.
חוק המאבק במימון טרור	Terror Financing Law	قانون مكافحة تمويل الإرهاب
הקפאת כספים ושיתוף מידע עם הבנקים.	Freezes funds and shares information with banks.	تجميد الأموال وتبادل المعلومات مع البنوك.
חוק הגנה על חושפי שחיתויות במודיעין	Intelligence Whistleblower Law	قانون حماية المبلّغين في الاستخبارات
ערוץ מוגן לדיווח על פגמים.	A protected channel to report wrongdoing.	قناة محمية للإبلاغ عن المخالفات.
חוק בינה מלאכותית במודיעין	AI in Intelligence Law	قانون الذكاء الاصطناعي في الاستخبارات
השקעה בניתוח נתונים ובכלים אוטומטיים.	Invests in data analysis and automated tools.	استثمار في تحليل البيانات والأدوات الآلية.
חוק הגנה מפני ריגול	Espionage Protection Law	قانون الحماية من التجسس
החמרת ענישה על ריגול והגברת אבטחת המידע.	Harsher penalties for spying and better information security.	تشديد العقوبة على التجسس وتعزيز أمن المعلومات.
חוק סיווג ביטחוני מהיר	Fast Security Clearance Law	قانون التصنيف الأمني السريع
קיצור זמני הסיווג לעובדים חיוניים.	Shorter clearance times for essential workers.	تقصير زمن التصنيف الأمني للعاملين الأساسيين.
חוק מלגות לחקר המזרח התיכון	Middle East Studies Scholarships Law	قانون منح دراسات الشرق الأوسط
מלגות ללימודי ערבית ופרסית.	Scholarships for Arabic and Persian studies.	منح لدراسة العربية والفارسية.
חוק שקיפות בהאזנות סתר	Wiretap Transparency Law	قانون الشفافية في التنصت
דיווח שנתי על מספר ההאזנות.	Annual reporting on the number of wiretaps.	تقرير سنوي عن عدد عمليات التنصت.
רפורמת מערך המודיעין אחרי 7 באוקטובר	Post-October 7 Intelligence Reform	إصلاح منظومة الاستخبارات بعد 7 أكتوبر
שינוי מבני, ניגוד דעות מוסדי ותחקיר מלא.	Structural change, institutional red-teaming and a full inquiry.	تغيير هيكلي وآراء مخالفة مؤسسية وتحقيق كامل.
רפורמת עליונות מודיעינית	Intelligence Superiority Reform	إصلاح التفوق الاستخباري
לוויינים, מל״טים ויכולות איסוף חדשות.	Satellites, drones and new collection capabilities.	أقمار صناعية وطائرات مسيّرة وقدرات جمع جديدة.
רפורמת חוק השב״כ	Shin Bet Law Reform	إصلاح قانون الشاباك
עיגון סמכויות, גבולות ופיקוח על השירות.	Defines the service's powers, limits and oversight.	تحديد صلاحيات الجهاز وحدوده والرقابة عليه.
רפורמת תיאום בין גופי המודיעין	Intelligence Coordination Reform	إصلاح التنسيق بين أجهزة الاستخبارات
מטה מתאם אחד ומאגר מידע משותף.	One coordinating HQ and a shared database.	مقر تنسيق واحد وقاعدة بيانات مشتركة.
רפורמת מודיעין מבוסס בינה מלאכותית	AI-Based Intelligence Reform	إصلاح الاستخبارات القائمة على الذكاء الاصطناعي
מערכות ניתוח והתרעה אוטומטיות.	Automated analysis and warning systems.	أنظمة تحليل وإنذار آلية.
רפורמת כוח אדם במודיעין	Intelligence Workforce Reform	إصلاح القوى العاملة في الاستخبارات
הכשרה, שכר ושימור אנשי מקצוע.	Training, pay and retention of professionals.	تأهيل ورواتب واستبقاء المهنيين.
רפורמת מבקר קהילת המודיעין	Intelligence Community Auditor Reform	إصلاح مراقب مجتمع الاستخبارات
מבקר עצמאי עם גישה מלאה לכל הגופים.	An independent auditor with full access to every body.	مراقب مستقل بوصول كامل لجميع الأجهزة.
רפורמת בריתות מודיעין	Intelligence Alliances Reform	إصلاح التحالفات الاستخباراتية
הסכמי שיתוף מורחבים עם מדינות האזור והמערב.	Expanded sharing agreements with regional and Western states.	اتفاقيات تبادل موسعة مع دول المنطقة والغرب.
רפורמת התרעה מוקדמת	Early Warning Reform	إصلاح الإنذار المبكر
מערך התרעה רב-שכבתי בכל הגבולות.	A multi-layer warning network along all borders.	منظومة إنذار متعددة الطبقات على جميع الحدود.
רפורמת מודיעין נגד	Counterintelligence Reform	إصلاح مكافحة التجسس
הגנה מפני ריגול זר והשפעה על דעת הקהל.	Protection against foreign spying and influence on public opinion.	حماية من التجسس الأجنبي والتأثير على الرأي العام.
רפורמת מודיעין כלכלי	Financial Intelligence Reform	إصلاح الاستخبارات المالية
יחידה למעקב אחר מימון טרור וסנקציות.	A unit tracking terror financing and sanctions.	وحدة لتتبع تمويل الإرهاب والعقوبات.
רפורמת חשיבה מדינית	Strategic Thinking Reform	إصلاح التفكير الاستراتيجي
מכון מחקר עצמאי להערכות אסטרטגיות.	An independent research institute for strategic assessments.	معهد بحث مستقل للتقييمات الاستراتيجية.
רפורמת אבטחת מידע ממשלתי	Government Information Security Reform	إصلاح أمن المعلومات الحكومية
רשת מאובטחת אחת לכל משרדי הממשלה.	One secure network for all ministries.	شبكة آمنة واحدة لجميع الوزارات.
רפורמת לימודי שפות ותרבויות	Languages and Cultures Reform	إصلاح دراسة اللغات والثقافات
תוכנית לאומית ללימוד ערבית ופרסית.	A national program for learning Arabic and Persian.	برنامج وطني لتعلم العربية والفارسية.
רפורמת הגנת הפרטיות מפני מעקב	Privacy From Surveillance Reform	إصلاح حماية الخصوصية من المراقبة
צו שיפוטי חובה לכל מעקב אחר אזרחים.	A court order required for any surveillance of citizens.	إلزام أمر قضائي لأي مراقبة للمواطنين.
חוק מטה לאומי לאיום האיראני	National Iran Threat HQ Law	قانون المقر الوطني للتهديد الإيراني
תיאום כל הפעילות נגד תוכנית הגרעין.	Coordinates all activity against the nuclear program.	تنسيق جميع الأنشطة ضد البرنامج النووي.
חוק המאבק בחרם	Anti-Boycott Law	قانون مكافحة المقاطعة
כלים משפטיים וכלכליים נגד חרמות.	Legal and economic tools against boycotts.	أدوات قانونية واقتصادية ضد المقاطعة.
חוק המאבק בפייק ניוז זר	Foreign Disinformation Law	قانون مكافحة الأخبار الكاذبة الأجنبية
יחידה לזיהוי קמפיינים של השפעה זרה.	A unit identifying foreign influence campaigns.	وحدة لرصد حملات التأثير الأجنبي.
חוק דיאלוג אסטרטגי	Strategic Dialogue Law	قانون الحوار الاستراتيجي
ערוצי דיאלוג קבועים עם מעצמות.	Permanent dialogue channels with world powers.	قنوات حوار دائمة مع القوى الكبرى.
חוק תכנון אסטרטגי רב-שנתי	Multi-Year Strategic Planning Law	قانون التخطيط الاستراتيجي متعدد السنوات
תוכנית אסטרטגית לעשור באישור הממשלה.	A ten-year strategic plan approved by the government.	خطة استراتيجية لعقد بموافقة الحكومة.
חוק פיקוח על השקעות זרות	Foreign Investment Screening Law	قانون الرقابة على الاستثمارات الأجنبية
בדיקה ביטחונית להשקעות זרות בתשתיות.	Security review of foreign investment in infrastructure.	فحص أمني للاستثمارات الأجنبية في البنية التحتية.
חוק חיזוק המל״ל	National Security Council Strengthening Law	قانون تعزيز مجلس الأمن القومي
מעמד חוקי למועצה לביטחון לאומי.	Legal status for the National Security Council.	مكانة قانونية لمجلس الأمن القومي.
חוק הסברה בשפות האזור	Regional Languages Outreach Law	قانون الدبلوماسية بلغات المنطقة
ערוצי הסברה בערבית ובפרסית.	Outreach channels in Arabic and Persian.	قنوات دبلوماسية بالعربية والفارسية.
חוק מלגות ללימודי אסטרטגיה	Strategy Studies Scholarships Law	قانون منح دراسات الاستراتيجية
מלגות לתארים מתקדמים בביטחון לאומי.	Scholarships for graduate degrees in national security.	منح للدرجات العليا في الأمن القومي.
חוק התגוננות מול תביעות בינלאומיות	International Lawsuits Defense Law	قانون الدفاع أمام الدعاوى الدولية
מימון ייצוג משפטי בבתי דין בינלאומיים.	Funds legal representation in international courts.	تمويل التمثيل القانوني في المحاكم الدولية.
חוק עצמאות אנרגטית	Energy Independence Law	قانون الاستقلال الطاقوي
מלאי אסטרטגי וגיוון מקורות אנרגיה.	Strategic reserves and diversified energy sources.	مخزون استراتيجي وتنويع مصادر الطاقة.
חוק פיקוח על טכנולוגיות דו-שימושיות	Dual-Use Technology Control Law	قانون الرقابة على التقنيات ذات الاستخدام المزدوج
רישוי ייצוא לטכנולוגיות רגישות.	Export licensing for sensitive technologies.	ترخيص تصدير للتقنيات الحساسة.
חוק מחקר מדיניות	Policy Research Law	قانون أبحاث السياسات
מימון מכוני מחקר עצמאיים.	Funds independent research institutes.	تمويل معاهد بحث مستقلة.
חוק שרשראות אספקה קריטיות	Critical Supply Chains Law	قانون سلاسل التوريد الحيوية
ייצור מקומי של רכיבים חיוניים.	Local production of essential components.	إنتاج محلي للمكونات الأساسية.
חוק סינון כניסה למדינה	Entry Screening Law	قانون فحص الدخول إلى الدولة
בדיקה ביטחונית מוגברת בגבולות.	Enhanced security checks at the borders.	فحص أمني معزز على الحدود.
רפורמת האסטרטגיה מול איראן	Iran Strategy Reform	إصلاح الاستراتيجية تجاه إيران
תוכנית רב-שנתית לסיכול, הרתעה וקואליציה בינלאומית.	A multi-year plan for disruption, deterrence and an international coalition.	خطة متعددة السنوات للإحباط والردع وتحالف دولي.
רפורמת מערך תודעה לאומי	National Perception Unit Reform	إصلاح منظومة الوعي الوطنية
מערך מתואם להשפעה ולהסברה בעולם.	A coordinated unit for influence and public diplomacy worldwide.	منظومة منسقة للتأثير والدبلوماسية العامة في العالم.
רפורמת תפיסת הביטחון הלאומי	National Security Doctrine Reform	إصلاح عقيدة الأمن القومي
מסמך תפיסת ביטחון מעודכן באישור הכנסטון.	An updated security doctrine approved by the Knesseton.	وثيقة عقيدة أمنية محدّثة بموافقة الكنيستون.
רפורמת ברית אסטרטגית אזורית	Regional Strategic Alliance Reform	إصلاح التحالف الاستراتيجي الإقليمي
מסגרת ביטחונית עם מדינות מתונות באזור.	A security framework with moderate regional states.	إطار أمني مع الدول المعتدلة في المنطقة.
רפורמת חוסן תשתיות קריטיות	Critical Infrastructure Resilience Reform	إصلاح منعة البنى التحتية الحيوية
הגנה על חשמל, מים ותקשורת מפני מתקפות.	Protects power, water and communications from attacks.	حماية الكهرباء والمياه والاتصالات من الهجمات.
רפורמת מדיניות מול סין	China Policy Reform	إصلاح السياسة تجاه الصين
כללים להשקעות ולשיתוף טכנולוגי עם סין.	Rules for investment and technology cooperation with China.	قواعد للاستثمار والتعاون التكنولوجي مع الصين.
רפורמת עליונות טכנולוגית	Technological Superiority Reform	إصلاح التفوق التكنولوجي
השקעה בטכנולוגיות שמבטיחות יתרון ארוך טווח.	Invests in technologies that ensure a long-term edge.	استثمار في التقنيات التي تضمن تفوقًا طويل الأمد.
רפורמת ועדת חוץ וביטחון חזקה	Strong Foreign Affairs and Defense Committee Reform	إصلاح لجنة الخارجية والأمن القوية
סמכויות פיקוח ותקציב לוועדה.	Oversight and budget powers for the committee.	صلاحيات رقابة وميزانية للجنة.
רפורמת דיפלומטיה מונעת	Preventive Diplomacy Reform	إصلاح الدبلوماسية الوقائية
משאבים לפתרון משברים לפני שהם מתפרצים.	Resources to resolve crises before they erupt.	موارد لحل الأزمات قبل اندلاعها.
רפורמת מכללה לביטחון לאומי אזרחית	Civilian National Security College Reform	إصلاح كلية الأمن القومي المدنية
הכשרת בכירים אזרחיים בחשיבה אסטרטגית.	Trains senior civilians in strategic thinking.	تأهيل كبار المدنيين في التفكير الاستراتيجي.
רפורמת מוכנות למלחמה רב-זירתית	Multi-Front War Readiness Reform	إصلاح الجاهزية لحرب متعددة الجبهات
תרגילים ומלאים לתרחיש מלחמה בכמה חזיתות.	Drills and stocks for a war on several fronts.	تدريبات ومخزون لسيناريو حرب على عدة جبهات.
רפורמת כלכלה וביטחון	Economy and Security Reform	إصلاح الاقتصاد والأمن
שילוב שיקולים כלכליים בהחלטות ביטחוניות.	Builds economic considerations into security decisions.	دمج الاعتبارات الاقتصادية في القرارات الأمنية.
רפורמת לוחמה קוגניטיבית	Cognitive Warfare Reform	إصلاح الحرب المعرفية
הגנה מפני מבצעי השפעה על הציבור.	Protection against influence operations on the public.	حماية من عمليات التأثير على الجمهور.
רפורמת הסכם סיוע ביטחוני	Security Aid Agreement Reform	إصلاح اتفاقية المساعدات الأمنية
הסכם סיוע חדש לעשור הבא.	A new aid agreement for the next decade.	اتفاقية مساعدات جديدة للعقد القادم.
רפורמת עורף לאומי	National Home Front Reform	إصلاح الجبهة الداخلية الوطنية
מוכנות העורף, מקלטים ומערך פינוי.	Home front readiness, shelters and an evacuation system.	جاهزية الجبهة الداخلية والملاجئ ومنظومة الإخلاء.
חוק מענק שנתי לערי פיתוח	Development Towns Annual Grant Law	قانون المنحة السنوية لبلدات التطوير
תוספת קבועה לתקציבי ערי הפיתוח.	A permanent addition to development town budgets.	زيادة دائمة لميزانيات بلدات التطوير.
חוק תחבורה לילית בפריפריה	Periphery Night Transit Law	قانون المواصلات الليلية في الأطراف
קווי לילה בין הערים בפריפריה למרכז.	Night lines between periphery towns and the center.	خطوط ليلية بين بلدات الأطراف والمركز.
חוק כיתות קטנות בפריפריה	Small Classes in the Periphery Law	قانون الصفوف الصغيرة في الأطراف
עד 25 תלמידים בכיתה בערי פיתוח.	Up to 25 pupils per class in development towns.	حتى 25 طالبًا في الصف في بلدات التطوير.
חוק מרפאות לילה בפריפריה	Periphery Night Clinics Law	قانون العيادات المسائية في الأطراف
מרפאות פתוחות בערבים ובסופי שבוע.	Clinics open evenings and weekends.	عيادات مفتوحة في المساء وعطلات نهاية الأسبوع.
חוק עידוד משרות מרחוק בפריפריה	Remote Jobs in the Periphery Law	قانون تشجيع الوظائف عن بعد في الأطراف
הטבות למעסיקים שמעסיקים עובדים מהפריפריה מרחוק.	Benefits for employers hiring periphery workers remotely.	امتيازات لأصحاب العمل الذين يشغّلون عمالًا من الأطراف عن بعد.
חוק מכינות להשכלה גבוהה בפריפריה	Periphery College Prep Law	قانون المعاهد التحضيرية في الأطراف
מכינות חינם לצעירים מהפריפריה.	Free preparatory programs for periphery youth.	برامج تحضيرية مجانية لشباب الأطراف.
חוק דיור לצעירים בפריפריה	Youth Housing in the Periphery Law	قانون سكن الشباب في الأطراف
דירות להשכרה מוזלת לצעירים שנשארים.	Discounted rentals for young people who stay.	شقق إيجار مخفضة للشباب الذين يبقون.
חוק מתקני ספורט בפריפריה	Periphery Sports Facilities Law	قانون المنشآت الرياضية في الأطراف
אולמות ספורט ובריכות בכל עיר פיתוח.	Sports halls and pools in every development town.	قاعات رياضية ومسابح في كل بلدة تطوير.
חוק מענק מורים לפריפריה	Periphery Teachers Grant Law	قانون منحة المعلمين في الأطراف
תוספת שכר למורים בערי פיתוח.	A pay supplement for teachers in development towns.	علاوة أجر للمعلمين في بلدات التطوير.
חוק תחרות ברשתות שיווק בפריפריה	Periphery Retail Competition Law	قانون المنافسة في شبكات التسوق في الأطراف
תמריץ לפתיחת סניפים זולים בפריפריה.	Incentives to open discount branches in the periphery.	حوافز لفتح فروع رخيصة في الأطراف.
חוק מרכזי עבודה משותפים	Shared Workspaces Law	قانون مساحات العمل المشتركة
חללי עבודה משותפים מסובסדים בפריפריה.	Subsidized coworking spaces in the periphery.	مساحات عمل مشتركة مدعومة في الأطراف.
חוק אמבולנסים נוספים לפריפריה	More Ambulances for the Periphery Law	قانون سيارات إسعاف إضافية للأطراف
תחנות מד״א נוספות ביישובים מרוחקים.	More ambulance stations in remote communities.	محطات إسعاف إضافية في البلدات النائية.
חוק תרבות לפריפריה	Culture for the Periphery Law	قانون الثقافة للأطراف
מנוי תרבות מסובסד לתושבי הפריפריה.	A subsidized culture subscription for periphery residents.	اشتراك ثقافي مدعوم لسكان الأطراف.
חוק הנחה בארנונה בפריפריה	Periphery Property Tax Discount Law	قانون خصم ضريبة الأملاك في الأطراف
מימון ממשלתי להנחה בארנונה לתושבים.	State funding for property tax discounts for residents.	تمويل حكومي لخصم ضريبة الأملاك للسكان.
חוק העדפת ספקים מהפריפריה	Periphery Supplier Preference Law	قانون تفضيل الموردين من الأطراف
העדפה במכרזי הממשלה לעסקים מהפריפריה.	Preference in government tenders for periphery businesses.	أفضلية في المناقصات الحكومية لأعمال الأطراف.
רפורמת "פריפריה במרכז"	"Periphery at the Center" Reform	إصلاح "الأطراف في المركز"
תוכנית לאומית לסגירת הפערים בכל השירותים.	A national plan to close the gaps in every service.	خطة وطنية لسد الفجوات في جميع الخدمات.
רפורמת "שעה מהמרכז"	"An Hour From the Center" Reform	إصلاح "ساعة من المركز"
תחבורה מהירה שמביאה כל עיר לשעה מתל אביב.	Fast transport bringing every city within an hour of Tel Aviv.	مواصلات سريعة تجعل كل مدينة على بعد ساعة من تل أبيب.
רפורמת מוקדי תעסוקה אזוריים	Regional Employment Centers Reform	إصلاح مراكز التشغيل الإقليمية
פארקים טכנולוגיים ומפעלים בכל אזור.	Tech parks and factories in every region.	مجمعات تكنولوجية ومصانع في كل منطقة.
רפורמת השכלה גבוהה בפריפריה	Periphery Higher Education Reform	إصلاح التعليم العالي في الأطراف
קמפוסים אקדמיים בכל מחוז פריפריאלי.	Academic campuses in every periphery district.	حرم أكاديمية في كل منطقة طرفية.
רפורמת שוויון בבריאות בפריפריה	Periphery Health Equality Reform	إصلاح المساواة الصحية في الأطراف
יעד: תוחלת חיים שווה לפריפריה ולמרכז.	Goal: equal life expectancy in the periphery and the center.	الهدف: متوسط عمر متساوٍ في الأطراف والمركز.
רפורמת מס הכנסה שלילי לפריפריה	Periphery Negative Income Tax Reform	إصلاح ضريبة الدخل السلبية للأطراف
הגדלת מענק העבודה לתושבי הפריפריה.	A bigger work grant for periphery residents.	زيادة منحة العمل لسكان الأطراف.
רפורמת העברת משרדי ממשלה לפריפריה	Ministries to the Periphery Reform	إصلاح نقل الوزارات إلى الأطراف
העברת יחידות ממשלה ומשרות לערי הפריפריה.	Moves government units and jobs to periphery towns.	نقل وحدات حكومية ووظائف إلى بلدات الأطراف.
רפורמת התחדשות ערי הפיתוח	Development Towns Renewal Reform	إصلاح تجديد بلدات التطوير
שיקום בניינים ושכונות ותשתיות חדשות.	Restores buildings and neighborhoods with new infrastructure.	ترميم المباني والأحياء وبنية تحتية جديدة.
רפורמת אשכולות אזוריים	Regional Clusters Reform	إصلاح العناقيد الإقليمية
שיתוף שירותים ותקציבים בין רשויות שכנות.	Shared services and budgets between neighboring authorities.	مشاركة الخدمات والميزانيات بين السلطات المجاورة.
רפורמת פריפריה דיגיטלית	Digital Periphery Reform	إصلاح الأطراف الرقمية
אינטרנט מהיר, שירותים מקוונים ותעסוקה מרחוק.	Fast internet, online services and remote work.	إنترنت سريع وخدمات إلكترونية وعمل عن بعد.
רפורמת חינוך מצוין בפריפריה	Excellent Education in the Periphery Reform	إصلاح التعليم المتميز في الأطراف
בתי ספר מצוינות ותוכניות העשרה.	Schools of excellence and enrichment programs.	مدارس متميزة وبرامج إثراء.
רפורמת אזורי סחר חופשי בפריפריה	Periphery Free Trade Zones Reform	إصلاح مناطق التجارة الحرة في الأطراف
פטורים ממכס ומס למפעלים בפריפריה.	Customs and tax exemptions for periphery factories.	إعفاءات جمركية وضريبية لمصانع الأطراف.
רפורמת תיירות ואיכות חיים בפריפריה	Periphery Quality of Life Reform	إصلاح جودة الحياة في الأطراف
פארקים, טיילות ומוקדי בילוי.	Parks, promenades and leisure centers.	حدائق وممشى ومراكز ترفيه.
רפורמת קשישים בפריפריה	Periphery Seniors Reform	إصلاح المسنين في الأطراف
מרכזי יום ושירותי סיעוד בכל עיר.	Day centers and nursing services in every town.	مراكز نهارية وخدمات تمريض في كل مدينة.
רפורמת מדד פריפריה	Periphery Index Reform	إصلاح مؤشر الأطراف
מדד שנתי ויעדים מחייבים לצמצום פערים.	An annual index with binding gap-closing targets.	مؤشر سنوي وأهداف ملزمة لتقليص الفجوات.
חוק הגנת סייבר לגופים חיוניים	Cyber Protection for Critical Bodies Law	قانون الحماية السيبرانية للهيئات الحيوية
חובת תקן הגנה לבתי חולים, בנקים ותשתיות.	A mandatory protection standard for hospitals, banks and infrastructure.	معيار حماية إلزامي للمستشفيات والبنوك والبنى التحتية.
חוק הכשרת אנשי סייבר	Cyber Workforce Training Law	قانون تأهيل خبراء السايبر
מלגות והכשרה לאלפי אנשי סייבר.	Scholarships and training for thousands of cyber experts.	منح وتأهيل لآلاف خبراء السايبر.
חוק דיווח על פריצות	Breach Notification Law	قانون الإبلاغ عن الاختراقات
חובת דיווח לציבור תוך 72 שעות על דליפת מידע.	Mandatory public notice within 72 hours of a data leak.	إلزام إبلاغ الجمهور خلال 72 ساعة عن تسرب البيانات.
חוק טפסים ממשלתיים מקוונים	Online Government Forms Law	قانون النماذج الحكومية الإلكترونية
כל טופס ממשלתי זמין באינטרנט.	Every government form available online.	كل نموذج حكومي متاح على الإنترنت.
חוק הדרכה דיגיטלית לקשישים	Digital Training for Seniors Law	قانون التدريب الرقمي لكبار السن
מרכזי הדרכה לשימוש בטוח באינטרנט.	Training centers for safe internet use.	مراكز تدريب على الاستخدام الآمن للإنترنت.
חוק הגנת סייבר לעסקים קטנים	Small Business Cyber Protection Law	قانون الحماية السيبرانية للأعمال الصغيرة
שירות הגנה מסובסד לעסקים קטנים.	A subsidized protection service for small businesses.	خدمة حماية مدعومة للأعمال الصغيرة.
חוק הזדהות דיגיטלית מאובטחת	Secure Digital Identity Law	قانون الهوية الرقمية الآمنة
הזדהות אחת ומאובטחת לכל השירותים.	One secure login for all services.	تسجيل دخول واحد آمن لجميع الخدمات.
חוק ענישה על פשעי סייבר	Cybercrime Penalties Law	قانون العقوبات على الجرائم السيبرانية
החמרת הענישה על פריצה וכופרה.	Harsher penalties for hacking and ransomware.	تشديد العقوبات على الاختراق وبرامج الفدية.
חוק אבטחת מוצרים חכמים	Smart Device Security Law	قانون أمن الأجهزة الذكية
תקן אבטחה חובה למכשירים מחוברים.	A mandatory security standard for connected devices.	معيار أمني إلزامي للأجهزة المتصلة.
חוק חינוך לסייבר בבתי ספר	Cyber Education in Schools Law	قانون التعليم السيبراني في المدارس
תוכנית לימודים בסייבר ובבטיחות ברשת.	A curriculum on cyber and online safety.	منهج في السايبر والأمان على الإنترنت.
חוק ענן ממשלתי	Government Cloud Law	قانون السحابة الحكومية
העברת מערכות הממשלה לענן מאובטח.	Moves government systems to a secure cloud.	نقل أنظمة الحكومة إلى سحابة آمنة.
חוק שקיפות באלגוריתמים ממשלתיים	Government Algorithm Transparency Law	قانون الشفافية في الخوارزميات الحكومية
פרסום אלגוריתמים שמשפיעים על אזרחים.	Publishes algorithms that affect citizens.	نشر الخوارزميات التي تؤثر على المواطنين.
חוק הגנה מהונאות דיגיטליות	Digital Fraud Protection Law	قانون الحماية من الاحتيال الرقمي
מנגנון החזר כספי לנפגעי הונאות.	A refund mechanism for fraud victims.	آلية استرداد للأموال لضحايا الاحتيال.
חוק מוקד 119 לסייבר	119 Cyber Hotline Law	قانون الخط 119 للسايبر
מוקד לאומי לדיווח וסיוע באירועי סייבר.	A national hotline for reporting and help in cyber incidents.	خط وطني للإبلاغ والمساعدة في الحوادث السيبرانية.
חוק חשבוניות דיגיטליות	Digital Invoices Law	قانون الفواتير الرقمية
מעבר לחשבוניות דיגיטליות מאובטחות.	A move to secure digital invoices.	الانتقال إلى فواتير رقمية آمنة.
רפורמת מערך הסייבר הלאומי	National Cyber Directorate Reform	إصلاح منظومة السايبر الوطنية
מערך הגנה מרכזי עם סמכויות בכל המשק.	A central defense directorate with powers across the economy.	منظومة دفاع مركزية بصلاحيات في كل الاقتصاد.
רפורמת ממשל דיגיטלי מלא	Full Digital Governance Reform	إصلاح الحوكمة الرقمية الكاملة
כל השירותים מקוונים ושיתוף נתונים בין משרדים.	All services online with data sharing between ministries.	جميع الخدمات إلكترونية ومشاركة البيانات بين الوزارات.
רפורמת בינה מלאכותית בשירות הציבורי	AI in Public Service Reform	إصلاح الذكاء الاصطناعي في الخدمة العامة
שימוש בבינה מלאכותית לייעול השירות לאזרח.	Uses AI to improve service to citizens.	استخدام الذكاء الاصطناعي لتحسين الخدمة للمواطن.
רפורמת הגנת המידע הלאומית	National Data Protection Reform	إصلاح حماية البيانات الوطنية
רשות עצמאית להגנת מידע אישי.	An independent authority for personal data protection.	هيئة مستقلة لحماية البيانات الشخصية.
רפורמת אקדמיה לסייבר	Cyber Academy Reform	إصلاح أكاديمية السايبر
מרכז אקדמי לאומי לסייבר ולאבטחת מידע.	A national academic center for cyber and information security.	مركز أكاديمي وطني للسايبر وأمن المعلومات.
רפורמת הגנת מערכת הבריאות מסייבר	Health System Cyber Protection Reform	إصلاح الحماية السيبرانية لمنظومة الصحة
הגנת סייבר לבתי חולים ולקופות.	Cyber protection for hospitals and health funds.	حماية سيبرانية للمستشفيات والصناديق.
רפורמת תעשיית הסייבר	Cyber Industry Reform	إصلاح صناعة السايبر
קרן להשקעה בחברות סייבר צעירות.	A fund investing in young cyber companies.	صندوق للاستثمار في شركات السايبر الناشئة.
רפורמת בריתות סייבר	Cyber Alliances Reform	إصلاح التحالفات السيبرانية
הסכמי הגנה ושיתוף מידע עם מדינות ידידות.	Defense and info-sharing agreements with friendly countries.	اتفاقيات دفاع وتبادل معلومات مع الدول الصديقة.
רפורמת הגנת תשתיות חשמל ומים	Power and Water Infrastructure Protection Reform	إصلاح حماية البنى التحتية للكهرباء والمياه
מערכות הגנה ייעודיות לתשתיות.	Dedicated defense systems for infrastructure.	أنظمة حماية مخصصة للبنى التحتية.
רפורמת מאגר נתונים ממשלתי	Government Database Reform	إصلاح قاعدة البيانات الحكومية
מאגר נתונים לאומי מאובטח עם כללי שימוש.	A secure national database with usage rules.	قاعدة بيانات وطنية آمنة مع قواعد استخدام.
רפורמת הגנה על הבחירות	Election Protection Reform	إصلاح حماية الانتخابات
הגנת סייבר ומאבק בהשפעה זרה על הבחירות.	Cyber defense and countering foreign election influence.	حماية سيبرانية ومكافحة التأثير الأجنبي على الانتخابات.
רפורמת סייבר לכל האוכלוסיות	Cyber for All Communities Reform	إصلاح السايبر لجميع الفئات
הכשרות סייבר לערבים, חרדים ופריפריה.	Cyber training for Arabs, Haredim and the periphery.	تأهيل سيبراني للعرب والحريديم والأطراف.
רפורמת הגנה על המערכת הפיננסית	Financial System Protection Reform	إصلاح حماية المنظومة المالية
מרכז סייבר פיננסי משותף לבנקים ולמדינה.	A financial cyber center shared by banks and the state.	مركز سيبراني مالي مشترك للبنوك والدولة.
רפורמת התאוששות מאסון דיגיטלי	Digital Disaster Recovery Reform	إصلاح التعافي من الكوارث الرقمية
גיבוי ותוכנית חירום לכל המערכות הממשלתיות.	Backups and an emergency plan for all government systems.	نسخ احتياطية وخطة طوارئ لجميع الأنظمة الحكومية.
רפורמת אינטרנט בטוח לילדים	Safe Internet for Children Reform	إصلاح الإنترنت الآمن للأطفال
כלי סינון, חינוך ואכיפה נגד פגיעה ברשת.	Filtering tools, education and enforcement against online harm.	أدوات تصفية وتوعية وإنفاذ ضد الأذى على الإنترنت.
חוק תקציב הסברה קבוע	Permanent Advocacy Budget Law	قانون ميزانية الدبلوماسية العامة الثابتة
תקציב שנתי קבוע להסברה בעולם.	A fixed annual budget for advocacy worldwide.	ميزانية سنوية ثابتة للدبلوماسية العامة في العالم.
חוק שגרירי סטודנטים	Student Ambassadors Law	قانون السفراء الطلاب
הכשרת סטודנטים להסברה בקמפוסים בעולם.	Trains students for advocacy on campuses worldwide.	تأهيل الطلاب للدبلوماسية في الجامعات حول العالم.
חוק ערוצי הסברה בשפות	Multilingual Advocacy Channels Law	قانون قنوات الدبلوماسية باللغات
ערוצים ברשתות בעשר שפות.	Social media channels in ten languages.	قنوات على شبكات التواصل بعشر لغات.
חוק מרכז עיתונאים זרים	Foreign Press Center Law	قانون مركز الصحفيين الأجانب
שירותים וסיורים לעיתונאים זרים.	Services and tours for foreign journalists.	خدمات وجولات للصحفيين الأجانب.
חוק תוכן תיעודי לעולם	Documentaries for the World Law	قانون المحتوى الوثائقي للعالم
מימון סרטים תיעודיים להפצה בעולם.	Funds documentaries for worldwide distribution.	تمويل أفلام وثائقية للتوزيع في العالم.
חוק משלחות לישמעאל	Delegations to Yishmael Law	قانون الوفود إلى يشمعيل
מימון ביקורים של משפיענים ומנהיגים.	Funds visits by influencers and leaders.	تمويل زيارات المؤثرين والقادة.
חוק מענה מהיר בזמן מלחמה	Wartime Rapid Response Law	قانون الاستجابة السريعة وقت الحرب
חדר מצב הסברתי פעיל 24 שעות.	A 24-hour advocacy situation room.	غرفة عمليات دبلوماسية تعمل 24 ساعة.
חוק מאגר עובדות הסברתי	Advocacy Fact Database Law	قانون قاعدة الحقائق للدبلوماسية
מאגר עובדות פתוח לציבור.	A fact database open to the public.	قاعدة حقائق مفتوحة للجمهور.
חוק הסברה בעולם הערבי	Arab World Outreach Law	قانون التواصل مع العالم العربي
ערוצי תקשורת בערבית למדינות האזור.	Arabic-language media channels for regional countries.	قنوات إعلامية بالعربية لدول المنطقة.
חוק דיפלומטיה תרבותית	Cultural Diplomacy Law	قانون الدبلوماسية الثقافية
הופעות אמנים ישמעאלים בעולם.	Yishmaeli artists performing worldwide.	عروض لفنانين يشمعيليين في العالم.
חוק מתנדבי הסברה ברשת	Online Advocacy Volunteers Law	قانون متطوعي الدبلوماسية على الإنترنت
הכשרת מתנדבים להסברה ברשתות.	Trains volunteers for advocacy on social media.	تأهيل متطوعين للدبلوماسية على شبكات التواصل.
חוק דיפלומטיה ספורטיבית	Sports Diplomacy Law	قانون الدبلوماسية الرياضية
אירוח אירועי ספורט בינלאומיים.	Hosts international sports events.	استضافة فعاليات رياضية دولية.
חוק הסברה מדעית	Science Advocacy Law	قانون الدبلوماسية العلمية
הצגת הישגים מדעיים ורפואיים בעולם.	Showcases scientific and medical achievements worldwide.	عرض الإنجازات العلمية والطبية في العالم.
חוק מדידת תדמית	Image Measurement Law	قانون قياس الصورة
סקר שנתי של דעת הקהל בעולם.	An annual survey of world public opinion.	استطلاع سنوي للرأي العام العالمي.
חוק דוברים בשפות העולים	Spokespeople in Immigrant Languages Law	قانون متحدثين بلغات المهاجرين
דוברים רשמיים ברוסית, צרפתית וספרדית.	Official spokespeople in Russian, French and Spanish.	متحدثون رسميون بالروسية والفرنسية والإسبانية.
רפורמת מערך ההסברה הלאומי	National Advocacy Directorate Reform	إصلاح منظومة الدبلوماسية العامة الوطنية
גוף אחד מתאם לכל ההסברה הממשלתית.	One body coordinating all government advocacy.	هيئة واحدة تنسق كل الدبلوماسية الحكومية.
רפורמת ערוץ בינלאומי	International Channel Reform	إصلاح القناة الدولية
ערוץ חדשות בינלאומי באנגלית ובערבית.	An international news channel in English and Arabic.	قناة أخبار دولية بالإنجليزية والعربية.
רפורמת אוניברסיטאות שותפות	Partner Universities Reform	إصلاح الجامعات الشريكة
תוכניות לימוד משותפות עם אוניברסיטאות בעולם.	Joint study programs with universities worldwide.	برامج دراسية مشتركة مع جامعات في العالم.
רפורמת הסברה דיגיטלית חכמה	Smart Digital Advocacy Reform	إصلاح الدبلوماسية الرقمية الذكية
כלי בינה מלאכותית לזיהוי ומענה לדיסאינפורמציה.	AI tools to detect and answer disinformation.	أدوات ذكاء اصطناعي لرصد المعلومات المضللة والرد عليها.
רפורמת מותג לאומי	National Brand Reform	إصلاح العلامة الوطنية
קמפיין עולמי שמציג חדשנות ותרבות.	A global campaign showcasing innovation and culture.	حملة عالمية تبرز الابتكار والثقافة.
רפורמת הסברה של חיים משותפים	Shared Life Advocacy Reform	إصلاح الدبلوماسية للحياة المشتركة
הצגת השותפות בין יהודים וערבים בעולם.	Showcases Jewish-Arab partnership worldwide.	عرض الشراكة بين اليهود والعرب في العالم.
רפורמת תעשיית תוכן לעולם	Content for the World Reform	إصلاح صناعة المحتوى للعالم
תמיכה בסדרות וסרטים ישמעאליים להפצה בעולם.	Supports Yishmaeli series and films for global distribution.	دعم المسلسلات والأفلام اليشمعيلية للتوزيع العالمي.
רפורמת הסברה משפטית	Legal Advocacy Reform	إصلاح الدبلوماسية القانونية
מערך מומחים למשפט בינלאומי בתקשורת.	A team of international law experts in the media.	فريق خبراء في القانون الدولي في الإعلام.
רפורמת סיורי השפעה	Influence Tours Reform	إصلاح جولات التأثير
מסלולי ביקור למשלחות מכל העולם.	Visit routes for delegations from around the world.	مسارات زيارة لوفود من أنحاء العالم.
רפורמת הסברה צבאית	Military Advocacy Reform	إصلاح الدبلوماسية العسكرية
דוברות צבאית בשפות זרות ותיעוד מבצעים.	Military spokespeople in foreign languages and operation footage.	متحدثون عسكريون بلغات أجنبية وتوثيق العمليات.
רפורמת קהילת יוצרים	Creators Community Reform	إصلاح مجتمع المبدعين
תמיכה ביוצרי תוכן ישמעאלים בעולם.	Supports Yishmaeli content creators worldwide.	دعم صانعي المحتوى اليشمعيليين في العالم.
רפורמת דיפלומטיה ציבורית לשלום	Public Diplomacy for Peace Reform	إصلاح الدبلوماسية العامة من أجل السلام
הצגת יוזמות שלום ושיתופי פעולה אזוריים.	Showcases peace initiatives and regional cooperation.	عرض مبادرات السلام والتعاون الإقليمي.
רפורמת הסברה מבוססת נתונים	Data-Driven Advocacy Reform	إصلاح الدبلوماسية القائمة على البيانات
מדידה ומחקר לשיפור המסרים.	Measurement and research to improve messaging.	قياس وبحث لتحسين الرسائل.
רפורמת שיתוף עם ארגוני החברה האזרחית	Civil Society Partnership Reform	إصلاح الشراكة مع المجتمع المدني
שותפות עם ארגונים שפועלים בעולם.	Partnership with organizations active worldwide.	شراكة مع منظمات تعمل في العالم.
רפורמת שליחי הסברה	Advocacy Emissaries Reform	إصلاح مبعوثي الدبلوماسية
שליחים צעירים בשנת שירות בעולם.	Young emissaries on a service year abroad.	مبعوثون شباب في سنة خدمة في العالم.
חוק מרכזי חוסן קהילתיים	Community Resilience Centers Law	قانون مراكز المنعة المجتمعية
מרכז חוסן נפשי בכל עיר.	A mental resilience center in every city.	مركز منعة نفسية في كل مدينة.
חוק פיצוי מהיר על נזקי מלחמה	Fast War Damage Compensation Law	قانون التعويض السريع عن أضرار الحرب
פיצוי תוך 30 יום לבתים ולעסקים שנפגעו.	Compensation within 30 days for damaged homes and businesses.	تعويض خلال 30 يومًا للبيوت والأعمال المتضررة.
חוק סיוע למפונים	Evacuees Assistance Law	قانون مساعدة المُخلَين
מענק, דיור זמני וחינוך למשפחות מפונות.	Grants, temporary housing and education for evacuated families.	منحة وسكن مؤقت وتعليم للعائلات المُخلاة.
חוק סיוע לעסקים בקו העימות	Frontline Business Aid Law	قانون مساعدة الأعمال على خط المواجهة
מענקים והלוואות לעסקים שנפגעו מהמלחמה.	Grants and loans for businesses hit by the war.	منح وقروض للأعمال المتضررة من الحرب.
חוק טיפול בילדים בחירום	Emergency Childcare Law	قانون رعاية الأطفال في الطوارئ
מסגרות טיפול וחינוך לילדים בזמן מלחמה.	Care and education settings for children in wartime.	أطر رعاية وتعليم للأطفال أثناء الحرب.
חוק שיקום בתים שנפגעו	Damaged Homes Restoration Law	قانون ترميم البيوت المتضررة
שיקום מהיר על חשבון המדינה.	Fast restoration at the state's expense.	ترميم سريع على حساب الدولة.
חוק תקשורת לשעת חירום	Emergency Communication Law	قانون اتصالات الطوارئ
מערך התרעה והודעות לכל אזרח.	Alerts and messages to every citizen.	منظومة إنذار ورسائل لكل مواطن.
חוק תמיכה במשפחות לוחמים	Fighters' Families Support Law	قانون دعم عائلات المقاتلين
סיוע כלכלי ונפשי למשפחות בזמן מילואים.	Financial and emotional support for families during reserve duty.	دعم مالي ونفسي للعائلات أثناء الاحتياط.
חוק מתנדבי חירום	Emergency Volunteers Law	قانون متطوعي الطوارئ
הכשרת מתנדבים לסיוע בזמן חירום.	Trains volunteers to help in emergencies.	تأهيل متطوعين للمساعدة في الطوارئ.
חוק מיגון מוסדות חינוך	School Shelters Law	قانون تحصين المؤسسات التعليمية
ממ״ד בכל בית ספר וגן.	A safe room in every school and kindergarten.	غرفة آمنة في كل مدرسة وروضة.
חוק סיוע לקשישים בחירום	Elderly Emergency Aid Law	قانون مساعدة المسنين في الطوارئ
ליווי ופינוי קשישים בודדים.	Assistance and evacuation for lonely seniors.	مرافقة وإخلاء المسنين الوحيدين.
חוק אספקה רציפה בחירום	Continuous Supply in Emergencies Law	قانون الإمداد المتواصل في الطوارئ
מלאי מזון ותרופות ברשתות בזמן מלחמה.	Food and medicine stocks in chains during war.	مخزون غذاء وأدوية في السلاسل أثناء الحرب.
חוק בתי חולים ממוגנים	Protected Hospitals Law	قانون المستشفيات المحصنة
מיגון מחלקות בבתי חולים בצפון ובדרום.	Protects hospital wards in the north and south.	تحصين أقسام المستشفيات في الشمال والجنوب.
חוק קו סיוע נפשי לאומי	National Mental Support Line Law	قانون خط الدعم النفسي الوطني
קו חם 24 שעות לתמיכה נפשית.	A 24-hour hotline for emotional support.	خط ساخن على مدار الساعة للدعم النفسي.
חוק פיצוי לחקלאים באזורי לחימה	Farmers in Combat Zones Compensation Law	قانون تعويض المزارعين في مناطق القتال
פיצוי על יבולים שלא נאספו.	Compensation for unharvested crops.	تعويض عن المحاصيل التي لم تُجمع.
רפורמת החוסן הלאומי	National Resilience Reform	إصلاح المنعة الوطنية
תוכנית לאומית: מיגון, מרכזי חוסן ופיצוי מהיר.	A national plan: shelters, resilience centers and fast compensation.	خطة وطنية: تحصين ومراكز منعة وتعويض سريع.
רפורמת טיפול בטראומה לאומית	National Trauma Care Reform	إصلاح علاج الصدمات الوطني
מערך טיפול נפשי לכל מי שנפגע במלחמה.	Mental health care for everyone harmed in the war.	منظومة علاج نفسي لكل من تضرر في الحرب.
רפורמת שיקום ופיתוח יישובי הגבול	Border Communities Rebuilding Reform	إصلاح إعادة إعمار وتنمية بلدات الحدود
בנייה מחדש וצמיחה ליישובים שנפגעו.	Rebuilding and growth for affected communities.	إعادة بناء وتنمية للبلدات المتضررة.
רפורמת רשות החירום הלאומית	National Emergency Authority Reform	إصلاح هيئة الطوارئ الوطنية
רשות אחת מתאמת לכל תחומי החירום.	One authority coordinating all emergency fields.	هيئة واحدة تنسق كل مجالات الطوارئ.
רפורמת ממ״ד לכל בית	Safe Room for Every Home Reform	إصلاح غرفة آمنة لكل بيت
מימון ממ״דים בבניינים ישנים.	Funds safe rooms in old buildings.	تمويل غرف آمنة في المباني القديمة.
רפורמת ביטוח מלחמה לעסקים	Business War Insurance Reform	إصلاح تأمين الحرب للأعمال
ביטוח ממלכתי לכל עסק מפני נזקי מלחמה.	State insurance for every business against war damage.	تأمين حكومي لكل عمل ضد أضرار الحرب.
רפורמת חינוך בזמן משבר	Education in Crisis Reform	إصلاح التعليم وقت الأزمات
למידה מרחוק ותמיכה רגשית לתלמידים.	Remote learning and emotional support for pupils.	تعلم عن بعد ودعم عاطفي للطلاب.
רפורמת שותפות חברה אזרחית בחירום	Civil Society Emergency Partnership Reform	إصلاح شراكة المجتمع المدني في الطوارئ
שילוב ארגונים ומתנדבים במערך החירום.	Brings organizations and volunteers into the emergency system.	دمج المنظمات والمتطوعين في منظومة الطوارئ.
רפורמת מלאי חירום אזרחי	Civilian Emergency Stockpile Reform	إصلاح المخزون المدني للطوارئ
מחסני מזון, מים ותרופות לכל אזור.	Food, water and medicine stores for every region.	مخازن غذاء ومياه وأدوية لكل منطقة.
רפורמת אנרגיה לשעת חירום	Emergency Energy Reform	إصلاح الطاقة للطوارئ
גנרטורים וסולארי עם אגירה לכל יישוב.	Generators and solar with storage for every community.	مولدات وطاقة شمسية مع تخزين لكل بلدة.
רפורמת משפחות שכולות ונפגעים	Bereaved Families and Casualties Reform	إصلاح العائلات الثكلى والمصابين
הרחבת הזכויות לנפגעי המלחמה ולמשפחותיהם.	Wider rights for war casualties and their families.	توسيع الحقوق لمصابي الحرب وعائلاتهم.
רפורמת פינוי אזרחי	Civilian Evacuation Reform	إصلاح الإخلاء المدني
תוכנית פינוי מסודרת לכל יישוב.	An orderly evacuation plan for every community.	خطة إخلاء منظمة لكل بلدة.
רפורמת מדד חוסן	Resilience Index Reform	إصلاح مؤشر المنعة
מדידה שנתית של מוכנות כל רשות.	An annual measure of each authority's readiness.	قياس سنوي لجاهزية كل سلطة.
רפורמת אנשי טיפול	Care Professionals Reform	إصلاح المعالجين
הכשרת אלפי מטפלים בטראומה.	Trains thousands of trauma therapists.	تأهيل آلاف المعالجين في الصدمات.
רפורמת יום לאומי לחוסן ולאחדות	National Resilience and Unity Day Reform	إصلاح اليوم الوطني للمنعة والوحدة
יום התנדבות ואחדות לאומי.	A national day of volunteering and unity.	يوم وطني للتطوع والوحدة.
